model,lambda_c,fold,strategy,n_interventions,accuracy,run_id,run_name,source_summary_key
CEM,0.1,1,random,0,0.8261216881906537,ljzgock3,CEM_adam_lr1e-03_bs512_lam_c0.1_fold_1,interv/random_group_level_True_use_prior_False/curve_table
CEM,0.1,1,random,1,0.8261216881906537,ljzgock3,CEM_adam_lr1e-03_bs512_lam_c0.1_fold_1,interv/random_group_level_True_use_prior_False/curve_table
CEM,0.1,1,random,2,0.8265211023831713,ljzgock3,CEM_adam_lr1e-03_bs512_lam_c0.1_fold_1,interv/random_group_level_True_use_prior_False/curve_table
CEM,0.1,1,random,3,0.8271867927040341,ljzgock3,CEM_adam_lr1e-03_bs512_lam_c0.1_fold_1,interv/random_group_level_True_use_prior_False/curve_table
CEM,0.1,1,random,4,0.828118759153242,ljzgock3,CEM_adam_lr1e-03_bs512_lam_c0.1_fold_1,interv/random_group_level_True_use_prior_False/curve_table
CEM,0.1,1,random,5,0.828385035281587,ljzgock3,CEM_adam_lr1e-03_bs512_lam_c0.1_fold_1,interv/random_group_level_True_use_prior_False/curve_table
CEM,0.1,1,random,6,0.8287844494741047,ljzgock3,CEM_adam_lr1e-03_bs512_lam_c0.1_fold_1,interv/random_group_level_True_use_prior_False/curve_table
CEM,0.1,1,random,7,0.8290507256024497,ljzgock3,CEM_adam_lr1e-03_bs512_lam_c0.1_fold_1,interv/random_group_level_True_use_prior_False/curve_table
CEM,0.1,1,random,8,0.8290507256024497,ljzgock3,CEM_adam_lr1e-03_bs512_lam_c0.1_fold_1,interv/random_group_level_True_use_prior_False/curve_table
CEM,0.1,1,random,9,0.8302489681800027,ljzgock3,CEM_adam_lr1e-03_bs512_lam_c0.1_fold_1,interv/random_group_level_True_use_prior_False/curve_table
CEM,0.1,1,random,10,0.8305152443083478,ljzgock3,CEM_adam_lr1e-03_bs512_lam_c0.1_fold_1,interv/random_group_level_True_use_prior_False/curve_table
CEM,0.1,1,random,11,0.8309146585008654,ljzgock3,CEM_adam_lr1e-03_bs512_lam_c0.1_fold_1,interv/random_group_level_True_use_prior_False/curve_table
CEM,0.1,1,random,12,0.8313140726933831,ljzgock3,CEM_adam_lr1e-03_bs512_lam_c0.1_fold_1,interv/random_group_level_True_use_prior_False/curve_table
CEM,0.1,1,random,13,0.8319797630142458,ljzgock3,CEM_adam_lr1e-03_bs512_lam_c0.1_fold_1,interv/random_group_level_True_use_prior_False/curve_table
CEM,0.1,1,random,14,0.832778591399281,ljzgock3,CEM_adam_lr1e-03_bs512_lam_c0.1_fold_1,interv/random_group_level_True_use_prior_False/curve_table
CEM,0.1,1,random,15,0.8334442817201438,ljzgock3,CEM_adam_lr1e-03_bs512_lam_c0.1_fold_1,interv/random_group_level_True_use_prior_False/curve_table
CEM,0.1,1,random,16,0.8337105578484889,ljzgock3,CEM_adam_lr1e-03_bs512_lam_c0.1_fold_1,interv/random_group_level_True_use_prior_False/curve_table
CEM,0.1,1,random,17,0.8335774197843163,ljzgock3,CEM_adam_lr1e-03_bs512_lam_c0.1_fold_1,interv/random_group_level_True_use_prior_False/curve_table
CEM,0.1,2,random,0,0.8321129010784183,0hw9q6e3,CEM_adam_lr1e-03_bs512_lam_c0.1_fold_2,interv/random_group_level_True_use_prior_False/curve_table
CEM,0.1,2,random,1,0.8319797630142458,0hw9q6e3,CEM_adam_lr1e-03_bs512_lam_c0.1_fold_2,interv/random_group_level_True_use_prior_False/curve_table
CEM,0.1,2,random,2,0.832778591399281,0hw9q6e3,CEM_adam_lr1e-03_bs512_lam_c0.1_fold_2,interv/random_group_level_True_use_prior_False/curve_table
CEM,0.1,2,random,3,0.8325123152709359,0hw9q6e3,CEM_adam_lr1e-03_bs512_lam_c0.1_fold_2,interv/random_group_level_True_use_prior_False/curve_table
CEM,0.1,2,random,4,0.8322460391425909,0hw9q6e3,CEM_adam_lr1e-03_bs512_lam_c0.1_fold_2,interv/random_group_level_True_use_prior_False/curve_table
CEM,0.1,2,random,5,0.8325123152709359,0hw9q6e3,CEM_adam_lr1e-03_bs512_lam_c0.1_fold_2,interv/random_group_level_True_use_prior_False/curve_table
CEM,0.1,2,random,6,0.832778591399281,0hw9q6e3,CEM_adam_lr1e-03_bs512_lam_c0.1_fold_2,interv/random_group_level_True_use_prior_False/curve_table
CEM,0.1,2,random,7,0.8330448675276262,0hw9q6e3,CEM_adam_lr1e-03_bs512_lam_c0.1_fold_2,interv/random_group_level_True_use_prior_False/curve_table
CEM,0.1,2,random,8,0.8330448675276262,0hw9q6e3,CEM_adam_lr1e-03_bs512_lam_c0.1_fold_2,interv/random_group_level_True_use_prior_False/curve_table
CEM,0.1,2,random,9,0.8326454533351085,0hw9q6e3,CEM_adam_lr1e-03_bs512_lam_c0.1_fold_2,interv/random_group_level_True_use_prior_False/curve_table
CEM,0.1,2,random,10,0.8322460391425909,0hw9q6e3,CEM_adam_lr1e-03_bs512_lam_c0.1_fold_2,interv/random_group_level_True_use_prior_False/curve_table
CEM,0.1,2,random,11,0.832778591399281,0hw9q6e3,CEM_adam_lr1e-03_bs512_lam_c0.1_fold_2,interv/random_group_level_True_use_prior_False/curve_table
CEM,0.1,2,random,12,0.8330448675276262,0hw9q6e3,CEM_adam_lr1e-03_bs512_lam_c0.1_fold_2,interv/random_group_level_True_use_prior_False/curve_table
CEM,0.1,2,random,13,0.8341099720410066,0hw9q6e3,CEM_adam_lr1e-03_bs512_lam_c0.1_fold_2,interv/random_group_level_True_use_prior_False/curve_table
CEM,0.1,2,random,14,0.8350419384902144,0hw9q6e3,CEM_adam_lr1e-03_bs512_lam_c0.1_fold_2,interv/random_group_level_True_use_prior_False/curve_table
CEM,0.1,2,random,15,0.8355744907469045,0hw9q6e3,CEM_adam_lr1e-03_bs512_lam_c0.1_fold_2,interv/random_group_level_True_use_prior_False/curve_table
CEM,0.1,2,random,16,0.8357076288110771,0hw9q6e3,CEM_adam_lr1e-03_bs512_lam_c0.1_fold_2,interv/random_group_level_True_use_prior_False/curve_table
CEM,0.1,2,random,17,0.8355744907469045,0hw9q6e3,CEM_adam_lr1e-03_bs512_lam_c0.1_fold_2,interv/random_group_level_True_use_prior_False/curve_table
CEM,0.1,3,random,0,0.8318466249500732,jdduxky0,CEM_adam_lr1e-03_bs512_lam_c0.1_fold_3,interv/random_group_level_True_use_prior_False/curve_table
CEM,0.1,3,random,1,0.8321129010784183,jdduxky0,CEM_adam_lr1e-03_bs512_lam_c0.1_fold_3,interv/random_group_level_True_use_prior_False/curve_table
CEM,0.1,3,random,2,0.8325123152709359,jdduxky0,CEM_adam_lr1e-03_bs512_lam_c0.1_fold_3,interv/random_group_level_True_use_prior_False/curve_table
CEM,0.1,3,random,3,0.8330448675276262,jdduxky0,CEM_adam_lr1e-03_bs512_lam_c0.1_fold_3,interv/random_group_level_True_use_prior_False/curve_table
CEM,0.1,3,random,4,0.8331780055917987,jdduxky0,CEM_adam_lr1e-03_bs512_lam_c0.1_fold_3,interv/random_group_level_True_use_prior_False/curve_table
CEM,0.1,3,random,5,0.8333111436559713,jdduxky0,CEM_adam_lr1e-03_bs512_lam_c0.1_fold_3,interv/random_group_level_True_use_prior_False/curve_table
CEM,0.1,3,random,6,0.8337105578484889,jdduxky0,CEM_adam_lr1e-03_bs512_lam_c0.1_fold_3,interv/random_group_level_True_use_prior_False/curve_table
CEM,0.1,3,random,7,0.8334442817201438,jdduxky0,CEM_adam_lr1e-03_bs512_lam_c0.1_fold_3,interv/random_group_level_True_use_prior_False/curve_table
CEM,0.1,3,random,8,0.834243110105179,jdduxky0,CEM_adam_lr1e-03_bs512_lam_c0.1_fold_3,interv/random_group_level_True_use_prior_False/curve_table
CEM,0.1,3,random,9,0.834243110105179,jdduxky0,CEM_adam_lr1e-03_bs512_lam_c0.1_fold_3,interv/random_group_level_True_use_prior_False/curve_table
CEM,0.1,3,random,10,0.8350419384902144,jdduxky0,CEM_adam_lr1e-03_bs512_lam_c0.1_fold_3,interv/random_group_level_True_use_prior_False/curve_table
CEM,0.1,3,random,11,0.8357076288110771,jdduxky0,CEM_adam_lr1e-03_bs512_lam_c0.1_fold_3,interv/random_group_level_True_use_prior_False/curve_table
CEM,0.1,3,random,12,0.8362401810677673,jdduxky0,CEM_adam_lr1e-03_bs512_lam_c0.1_fold_3,interv/random_group_level_True_use_prior_False/curve_table
CEM,0.1,3,random,13,0.8365064571961124,jdduxky0,CEM_adam_lr1e-03_bs512_lam_c0.1_fold_3,interv/random_group_level_True_use_prior_False/curve_table
CEM,0.1,3,random,14,0.83690587138863,jdduxky0,CEM_adam_lr1e-03_bs512_lam_c0.1_fold_3,interv/random_group_level_True_use_prior_False/curve_table
CEM,0.1,3,random,15,0.8371721475169751,jdduxky0,CEM_adam_lr1e-03_bs512_lam_c0.1_fold_3,interv/random_group_level_True_use_prior_False/curve_table
CEM,0.1,3,random,16,0.8377046997736652,jdduxky0,CEM_adam_lr1e-03_bs512_lam_c0.1_fold_3,interv/random_group_level_True_use_prior_False/curve_table
CEM,0.1,3,random,17,0.8379709759020104,jdduxky0,CEM_adam_lr1e-03_bs512_lam_c0.1_fold_3,interv/random_group_level_True_use_prior_False/curve_table
CEM,0.1,4,random,0,0.8266542404473439,766goenz,CEM_adam_lr1e-03_bs512_lam_c0.1_fold_4,interv/random_group_level_True_use_prior_False/curve_table
CEM,0.1,4,random,1,0.8273199307682066,766goenz,CEM_adam_lr1e-03_bs512_lam_c0.1_fold_4,interv/random_group_level_True_use_prior_False/curve_table
CEM,0.1,4,random,2,0.8278524830248968,766goenz,CEM_adam_lr1e-03_bs512_lam_c0.1_fold_4,interv/random_group_level_True_use_prior_False/curve_table
CEM,0.1,4,random,3,0.8278524830248968,766goenz,CEM_adam_lr1e-03_bs512_lam_c0.1_fold_4,interv/random_group_level_True_use_prior_False/curve_table
CEM,0.1,4,random,4,0.8287844494741047,766goenz,CEM_adam_lr1e-03_bs512_lam_c0.1_fold_4,interv/random_group_level_True_use_prior_False/curve_table
CEM,0.1,4,random,5,0.8294501397949674,766goenz,CEM_adam_lr1e-03_bs512_lam_c0.1_fold_4,interv/random_group_level_True_use_prior_False/curve_table
CEM,0.1,4,random,6,0.8298495539874851,766goenz,CEM_adam_lr1e-03_bs512_lam_c0.1_fold_4,interv/random_group_level_True_use_prior_False/curve_table
CEM,0.1,4,random,7,0.8301158301158301,766goenz,CEM_adam_lr1e-03_bs512_lam_c0.1_fold_4,interv/random_group_level_True_use_prior_False/curve_table
CEM,0.1,4,random,8,0.8303821062441752,766goenz,CEM_adam_lr1e-03_bs512_lam_c0.1_fold_4,interv/random_group_level_True_use_prior_False/curve_table
CEM,0.1,4,random,9,0.8306483823725203,766goenz,CEM_adam_lr1e-03_bs512_lam_c0.1_fold_4,interv/random_group_level_True_use_prior_False/curve_table
CEM,0.1,4,random,10,0.8311809346292105,766goenz,CEM_adam_lr1e-03_bs512_lam_c0.1_fold_4,interv/random_group_level_True_use_prior_False/curve_table
CEM,0.1,4,random,11,0.8315803488217282,766goenz,CEM_adam_lr1e-03_bs512_lam_c0.1_fold_4,interv/random_group_level_True_use_prior_False/curve_table
CEM,0.1,4,random,12,0.8317134868859006,766goenz,CEM_adam_lr1e-03_bs512_lam_c0.1_fold_4,interv/random_group_level_True_use_prior_False/curve_table
CEM,0.1,4,random,13,0.8322460391425909,766goenz,CEM_adam_lr1e-03_bs512_lam_c0.1_fold_4,interv/random_group_level_True_use_prior_False/curve_table
CEM,0.1,4,random,14,0.8333111436559713,766goenz,CEM_adam_lr1e-03_bs512_lam_c0.1_fold_4,interv/random_group_level_True_use_prior_False/curve_table
CEM,0.1,4,random,15,0.8333111436559713,766goenz,CEM_adam_lr1e-03_bs512_lam_c0.1_fold_4,interv/random_group_level_True_use_prior_False/curve_table
CEM,0.1,4,random,16,0.8338436959126614,766goenz,CEM_adam_lr1e-03_bs512_lam_c0.1_fold_4,interv/random_group_level_True_use_prior_False/curve_table
CEM,0.1,4,random,17,0.8341099720410066,766goenz,CEM_adam_lr1e-03_bs512_lam_c0.1_fold_4,interv/random_group_level_True_use_prior_False/curve_table
CEM,0.1,5,random,0,0.83690587138863,3d1ebbbc,CEM_adam_lr1e-03_bs512_lam_c0.1_fold_5,interv/random_group_level_True_use_prior_False/curve_table
CEM,0.1,5,random,1,0.8363733191319398,3d1ebbbc,CEM_adam_lr1e-03_bs512_lam_c0.1_fold_5,interv/random_group_level_True_use_prior_False/curve_table
CEM,0.1,5,random,2,0.8367727333244575,3d1ebbbc,CEM_adam_lr1e-03_bs512_lam_c0.1_fold_5,interv/random_group_level_True_use_prior_False/curve_table
CEM,0.1,5,random,3,0.83690587138863,3d1ebbbc,CEM_adam_lr1e-03_bs512_lam_c0.1_fold_5,interv/random_group_level_True_use_prior_False/curve_table
CEM,0.1,5,random,4,0.8371721475169751,3d1ebbbc,CEM_adam_lr1e-03_bs512_lam_c0.1_fold_5,interv/random_group_level_True_use_prior_False/curve_table
CEM,0.1,5,random,5,0.8373052855811477,3d1ebbbc,CEM_adam_lr1e-03_bs512_lam_c0.1_fold_5,interv/random_group_level_True_use_prior_False/curve_table
CEM,0.1,5,random,6,0.8375715617094928,3d1ebbbc,CEM_adam_lr1e-03_bs512_lam_c0.1_fold_5,interv/random_group_level_True_use_prior_False/curve_table
CEM,0.1,5,random,7,0.8375715617094928,3d1ebbbc,CEM_adam_lr1e-03_bs512_lam_c0.1_fold_5,interv/random_group_level_True_use_prior_False/curve_table
CEM,0.1,5,random,8,0.8374384236453202,3d1ebbbc,CEM_adam_lr1e-03_bs512_lam_c0.1_fold_5,interv/random_group_level_True_use_prior_False/curve_table
CEM,0.1,5,random,9,0.8377046997736652,3d1ebbbc,CEM_adam_lr1e-03_bs512_lam_c0.1_fold_5,interv/random_group_level_True_use_prior_False/curve_table
CEM,0.1,5,random,10,0.8379709759020104,3d1ebbbc,CEM_adam_lr1e-03_bs512_lam_c0.1_fold_5,interv/random_group_level_True_use_prior_False/curve_table
CEM,0.1,5,random,11,0.8383703900945281,3d1ebbbc,CEM_adam_lr1e-03_bs512_lam_c0.1_fold_5,interv/random_group_level_True_use_prior_False/curve_table
CEM,0.1,5,random,12,0.8386366662228731,3d1ebbbc,CEM_adam_lr1e-03_bs512_lam_c0.1_fold_5,interv/random_group_level_True_use_prior_False/curve_table
CEM,0.1,5,random,13,0.8389029423512182,3d1ebbbc,CEM_adam_lr1e-03_bs512_lam_c0.1_fold_5,interv/random_group_level_True_use_prior_False/curve_table
CEM,0.1,5,random,14,0.8393023565437359,3d1ebbbc,CEM_adam_lr1e-03_bs512_lam_c0.1_fold_5,interv/random_group_level_True_use_prior_False/curve_table
CEM,0.1,5,random,15,0.8391692184795633,3d1ebbbc,CEM_adam_lr1e-03_bs512_lam_c0.1_fold_5,interv/random_group_level_True_use_prior_False/curve_table
CEM,0.1,5,random,16,0.8395686326720809,3d1ebbbc,CEM_adam_lr1e-03_bs512_lam_c0.1_fold_5,interv/random_group_level_True_use_prior_False/curve_table
CEM,0.1,5,random,17,0.8397017707362535,3d1ebbbc,CEM_adam_lr1e-03_bs512_lam_c0.1_fold_5,interv/random_group_level_True_use_prior_False/curve_table
CEM,0.5,1,random,0,0.8310477965650379,u3j31245,CEM_adam_lr1e-03_bs512_lam_c0.5_fold_1,interv/random_group_level_True_use_prior_False/curve_table
CEM,0.5,1,random,1,0.8313140726933831,u3j31245,CEM_adam_lr1e-03_bs512_lam_c0.5_fold_1,interv/random_group_level_True_use_prior_False/curve_table
CEM,0.5,1,random,2,0.8314472107575556,u3j31245,CEM_adam_lr1e-03_bs512_lam_c0.5_fold_1,interv/random_group_level_True_use_prior_False/curve_table
CEM,0.5,1,random,3,0.8319797630142458,u3j31245,CEM_adam_lr1e-03_bs512_lam_c0.5_fold_1,interv/random_group_level_True_use_prior_False/curve_table
CEM,0.5,1,random,4,0.8315803488217282,u3j31245,CEM_adam_lr1e-03_bs512_lam_c0.5_fold_1,interv/random_group_level_True_use_prior_False/curve_table
CEM,0.5,1,random,5,0.8314472107575556,u3j31245,CEM_adam_lr1e-03_bs512_lam_c0.5_fold_1,interv/random_group_level_True_use_prior_False/curve_table
CEM,0.5,1,random,6,0.8318466249500732,u3j31245,CEM_adam_lr1e-03_bs512_lam_c0.5_fold_1,interv/random_group_level_True_use_prior_False/curve_table
CEM,0.5,1,random,7,0.8325123152709359,u3j31245,CEM_adam_lr1e-03_bs512_lam_c0.5_fold_1,interv/random_group_level_True_use_prior_False/curve_table
CEM,0.5,1,random,8,0.8325123152709359,u3j31245,CEM_adam_lr1e-03_bs512_lam_c0.5_fold_1,interv/random_group_level_True_use_prior_False/curve_table
CEM,0.5,1,random,9,0.8331780055917987,u3j31245,CEM_adam_lr1e-03_bs512_lam_c0.5_fold_1,interv/random_group_level_True_use_prior_False/curve_table
CEM,0.5,1,random,10,0.8330448675276262,u3j31245,CEM_adam_lr1e-03_bs512_lam_c0.5_fold_1,interv/random_group_level_True_use_prior_False/curve_table
CEM,0.5,1,random,11,0.8335774197843163,u3j31245,CEM_adam_lr1e-03_bs512_lam_c0.5_fold_1,interv/random_group_level_True_use_prior_False/curve_table
CEM,0.5,1,random,12,0.834243110105179,u3j31245,CEM_adam_lr1e-03_bs512_lam_c0.5_fold_1,interv/random_group_level_True_use_prior_False/curve_table
CEM,0.5,1,random,13,0.8341099720410066,u3j31245,CEM_adam_lr1e-03_bs512_lam_c0.5_fold_1,interv/random_group_level_True_use_prior_False/curve_table
CEM,0.5,1,random,14,0.8343762481693516,u3j31245,CEM_adam_lr1e-03_bs512_lam_c0.5_fold_1,interv/random_group_level_True_use_prior_False/curve_table
CEM,0.5,1,random,15,0.8349088004260418,u3j31245,CEM_adam_lr1e-03_bs512_lam_c0.5_fold_1,interv/random_group_level_True_use_prior_False/curve_table
CEM,0.5,1,random,16,0.8349088004260418,u3j31245,CEM_adam_lr1e-03_bs512_lam_c0.5_fold_1,interv/random_group_level_True_use_prior_False/curve_table
CEM,0.5,1,random,17,0.8351750765543869,u3j31245,CEM_adam_lr1e-03_bs512_lam_c0.5_fold_1,interv/random_group_level_True_use_prior_False/curve_table
CEM,0.5,2,random,0,0.8230595127146851,a1vgqoel,CEM_adam_lr1e-03_bs512_lam_c0.5_fold_2,interv/random_group_level_True_use_prior_False/curve_table
CEM,0.5,2,random,1,0.8230595127146851,a1vgqoel,CEM_adam_lr1e-03_bs512_lam_c0.5_fold_2,interv/random_group_level_True_use_prior_False/curve_table
CEM,0.5,2,random,2,0.8234589269072028,a1vgqoel,CEM_adam_lr1e-03_bs512_lam_c0.5_fold_2,interv/random_group_level_True_use_prior_False/curve_table
CEM,0.5,2,random,3,0.8235920649713753,a1vgqoel,CEM_adam_lr1e-03_bs512_lam_c0.5_fold_2,interv/random_group_level_True_use_prior_False/curve_table
CEM,0.5,2,random,4,0.8238583410997204,a1vgqoel,CEM_adam_lr1e-03_bs512_lam_c0.5_fold_2,interv/random_group_level_True_use_prior_False/curve_table
CEM,0.5,2,random,5,0.8238583410997204,a1vgqoel,CEM_adam_lr1e-03_bs512_lam_c0.5_fold_2,interv/random_group_level_True_use_prior_False/curve_table
CEM,0.5,2,random,6,0.8242577552922381,a1vgqoel,CEM_adam_lr1e-03_bs512_lam_c0.5_fold_2,interv/random_group_level_True_use_prior_False/curve_table
CEM,0.5,2,random,7,0.8250565836772733,a1vgqoel,CEM_adam_lr1e-03_bs512_lam_c0.5_fold_2,interv/random_group_level_True_use_prior_False/curve_table
CEM,0.5,2,random,8,0.8251897217414459,a1vgqoel,CEM_adam_lr1e-03_bs512_lam_c0.5_fold_2,interv/random_group_level_True_use_prior_False/curve_table
CEM,0.5,2,random,9,0.8253228598056185,a1vgqoel,CEM_adam_lr1e-03_bs512_lam_c0.5_fold_2,interv/random_group_level_True_use_prior_False/curve_table
CEM,0.5,2,random,10,0.825455997869791,a1vgqoel,CEM_adam_lr1e-03_bs512_lam_c0.5_fold_2,interv/random_group_level_True_use_prior_False/curve_table
CEM,0.5,2,random,11,0.8259885501264812,a1vgqoel,CEM_adam_lr1e-03_bs512_lam_c0.5_fold_2,interv/random_group_level_True_use_prior_False/curve_table
CEM,0.5,2,random,12,0.8263879643189987,a1vgqoel,CEM_adam_lr1e-03_bs512_lam_c0.5_fold_2,interv/random_group_level_True_use_prior_False/curve_table
CEM,0.5,2,random,13,0.826920516575689,a1vgqoel,CEM_adam_lr1e-03_bs512_lam_c0.5_fold_2,interv/random_group_level_True_use_prior_False/curve_table
CEM,0.5,2,random,14,0.8270536546398616,a1vgqoel,CEM_adam_lr1e-03_bs512_lam_c0.5_fold_2,interv/random_group_level_True_use_prior_False/curve_table
CEM,0.5,2,random,15,0.8274530688323791,a1vgqoel,CEM_adam_lr1e-03_bs512_lam_c0.5_fold_2,interv/random_group_level_True_use_prior_False/curve_table
CEM,0.5,2,random,16,0.8271867927040341,a1vgqoel,CEM_adam_lr1e-03_bs512_lam_c0.5_fold_2,interv/random_group_level_True_use_prior_False/curve_table
CEM,0.5,2,random,17,0.8277193449607243,a1vgqoel,CEM_adam_lr1e-03_bs512_lam_c0.5_fold_2,interv/random_group_level_True_use_prior_False/curve_table
CEM,0.5,3,random,0,0.8237252030355479,6iq7oyyp,CEM_adam_lr1e-03_bs512_lam_c0.5_fold_3,interv/random_group_level_True_use_prior_False/curve_table
CEM,0.5,3,random,1,0.8239914791638929,6iq7oyyp,CEM_adam_lr1e-03_bs512_lam_c0.5_fold_3,interv/random_group_level_True_use_prior_False/curve_table
CEM,0.5,3,random,2,0.8242577552922381,6iq7oyyp,CEM_adam_lr1e-03_bs512_lam_c0.5_fold_3,interv/random_group_level_True_use_prior_False/curve_table
CEM,0.5,3,random,3,0.8241246172280655,6iq7oyyp,CEM_adam_lr1e-03_bs512_lam_c0.5_fold_3,interv/random_group_level_True_use_prior_False/curve_table
CEM,0.5,3,random,4,0.8241246172280655,6iq7oyyp,CEM_adam_lr1e-03_bs512_lam_c0.5_fold_3,interv/random_group_level_True_use_prior_False/curve_table
CEM,0.5,3,random,5,0.8241246172280655,6iq7oyyp,CEM_adam_lr1e-03_bs512_lam_c0.5_fold_3,interv/random_group_level_True_use_prior_False/curve_table
CEM,0.5,3,random,6,0.8237252030355479,6iq7oyyp,CEM_adam_lr1e-03_bs512_lam_c0.5_fold_3,interv/random_group_level_True_use_prior_False/curve_table
CEM,0.5,3,random,7,0.8237252030355479,6iq7oyyp,CEM_adam_lr1e-03_bs512_lam_c0.5_fold_3,interv/random_group_level_True_use_prior_False/curve_table
CEM,0.5,3,random,8,0.8237252030355479,6iq7oyyp,CEM_adam_lr1e-03_bs512_lam_c0.5_fold_3,interv/random_group_level_True_use_prior_False/curve_table
CEM,0.5,3,random,9,0.8241246172280655,6iq7oyyp,CEM_adam_lr1e-03_bs512_lam_c0.5_fold_3,interv/random_group_level_True_use_prior_False/curve_table
CEM,0.5,3,random,10,0.8238583410997204,6iq7oyyp,CEM_adam_lr1e-03_bs512_lam_c0.5_fold_3,interv/random_group_level_True_use_prior_False/curve_table
CEM,0.5,3,random,11,0.8237252030355479,6iq7oyyp,CEM_adam_lr1e-03_bs512_lam_c0.5_fold_3,interv/random_group_level_True_use_prior_False/curve_table
CEM,0.5,3,random,12,0.8241246172280655,6iq7oyyp,CEM_adam_lr1e-03_bs512_lam_c0.5_fold_3,interv/random_group_level_True_use_prior_False/curve_table
CEM,0.5,3,random,13,0.8243908933564106,6iq7oyyp,CEM_adam_lr1e-03_bs512_lam_c0.5_fold_3,interv/random_group_level_True_use_prior_False/curve_table
CEM,0.5,3,random,14,0.8245240314205832,6iq7oyyp,CEM_adam_lr1e-03_bs512_lam_c0.5_fold_3,interv/random_group_level_True_use_prior_False/curve_table
CEM,0.5,3,random,15,0.8247903075489282,6iq7oyyp,CEM_adam_lr1e-03_bs512_lam_c0.5_fold_3,interv/random_group_level_True_use_prior_False/curve_table
CEM,0.5,3,random,16,0.8243908933564106,6iq7oyyp,CEM_adam_lr1e-03_bs512_lam_c0.5_fold_3,interv/random_group_level_True_use_prior_False/curve_table
CEM,0.5,3,random,17,0.8253228598056185,6iq7oyyp,CEM_adam_lr1e-03_bs512_lam_c0.5_fold_3,interv/random_group_level_True_use_prior_False/curve_table
CEM,0.5,4,random,0,0.8307815204366928,cqbfb5ve,CEM_adam_lr1e-03_bs512_lam_c0.5_fold_4,interv/random_group_level_True_use_prior_False/curve_table
CEM,0.5,4,random,1,0.8307815204366928,cqbfb5ve,CEM_adam_lr1e-03_bs512_lam_c0.5_fold_4,interv/random_group_level_True_use_prior_False/curve_table
CEM,0.5,4,random,2,0.8309146585008654,cqbfb5ve,CEM_adam_lr1e-03_bs512_lam_c0.5_fold_4,interv/random_group_level_True_use_prior_False/curve_table
CEM,0.5,4,random,3,0.8311809346292105,cqbfb5ve,CEM_adam_lr1e-03_bs512_lam_c0.5_fold_4,interv/random_group_level_True_use_prior_False/curve_table
CEM,0.5,4,random,4,0.8309146585008654,cqbfb5ve,CEM_adam_lr1e-03_bs512_lam_c0.5_fold_4,interv/random_group_level_True_use_prior_False/curve_table
CEM,0.5,4,random,5,0.8313140726933831,cqbfb5ve,CEM_adam_lr1e-03_bs512_lam_c0.5_fold_4,interv/random_group_level_True_use_prior_False/curve_table
CEM,0.5,4,random,6,0.8314472107575556,cqbfb5ve,CEM_adam_lr1e-03_bs512_lam_c0.5_fold_4,interv/random_group_level_True_use_prior_False/curve_table
CEM,0.5,4,random,7,0.8314472107575556,cqbfb5ve,CEM_adam_lr1e-03_bs512_lam_c0.5_fold_4,interv/random_group_level_True_use_prior_False/curve_table
CEM,0.5,4,random,8,0.8311809346292105,cqbfb5ve,CEM_adam_lr1e-03_bs512_lam_c0.5_fold_4,interv/random_group_level_True_use_prior_False/curve_table
CEM,0.5,4,random,9,0.8311809346292105,cqbfb5ve,CEM_adam_lr1e-03_bs512_lam_c0.5_fold_4,interv/random_group_level_True_use_prior_False/curve_table
CEM,0.5,4,random,10,0.8323791772067635,cqbfb5ve,CEM_adam_lr1e-03_bs512_lam_c0.5_fold_4,interv/random_group_level_True_use_prior_False/curve_table
CEM,0.5,4,random,11,0.8322460391425909,cqbfb5ve,CEM_adam_lr1e-03_bs512_lam_c0.5_fold_4,interv/random_group_level_True_use_prior_False/curve_table
CEM,0.5,4,random,12,0.8326454533351085,cqbfb5ve,CEM_adam_lr1e-03_bs512_lam_c0.5_fold_4,interv/random_group_level_True_use_prior_False/curve_table
CEM,0.5,4,random,13,0.8331780055917987,cqbfb5ve,CEM_adam_lr1e-03_bs512_lam_c0.5_fold_4,interv/random_group_level_True_use_prior_False/curve_table
CEM,0.5,4,random,14,0.8333111436559713,cqbfb5ve,CEM_adam_lr1e-03_bs512_lam_c0.5_fold_4,interv/random_group_level_True_use_prior_False/curve_table
CEM,0.5,4,random,15,0.8331780055917987,cqbfb5ve,CEM_adam_lr1e-03_bs512_lam_c0.5_fold_4,interv/random_group_level_True_use_prior_False/curve_table
CEM,0.5,4,random,16,0.833976833976834,cqbfb5ve,CEM_adam_lr1e-03_bs512_lam_c0.5_fold_4,interv/random_group_level_True_use_prior_False/curve_table
CEM,0.5,4,random,17,0.8346425242976967,cqbfb5ve,CEM_adam_lr1e-03_bs512_lam_c0.5_fold_4,interv/random_group_level_True_use_prior_False/curve_table
CEM,0.5,5,random,0,0.8262548262548263,fl5spwga,CEM_adam_lr1e-03_bs512_lam_c0.5_fold_5,interv/random_group_level_True_use_prior_False/curve_table
CEM,0.5,5,random,1,0.8261216881906537,fl5spwga,CEM_adam_lr1e-03_bs512_lam_c0.5_fold_5,interv/random_group_level_True_use_prior_False/curve_table
CEM,0.5,5,random,2,0.8265211023831713,fl5spwga,CEM_adam_lr1e-03_bs512_lam_c0.5_fold_5,interv/random_group_level_True_use_prior_False/curve_table
CEM,0.5,5,random,3,0.8266542404473439,fl5spwga,CEM_adam_lr1e-03_bs512_lam_c0.5_fold_5,interv/random_group_level_True_use_prior_False/curve_table
CEM,0.5,5,random,4,0.8267873785115164,fl5spwga,CEM_adam_lr1e-03_bs512_lam_c0.5_fold_5,interv/random_group_level_True_use_prior_False/curve_table
CEM,0.5,5,random,5,0.8275862068965517,fl5spwga,CEM_adam_lr1e-03_bs512_lam_c0.5_fold_5,interv/random_group_level_True_use_prior_False/curve_table
CEM,0.5,5,random,6,0.8277193449607243,fl5spwga,CEM_adam_lr1e-03_bs512_lam_c0.5_fold_5,interv/random_group_level_True_use_prior_False/curve_table
CEM,0.5,5,random,7,0.828118759153242,fl5spwga,CEM_adam_lr1e-03_bs512_lam_c0.5_fold_5,interv/random_group_level_True_use_prior_False/curve_table
CEM,0.5,5,random,8,0.8285181733457595,fl5spwga,CEM_adam_lr1e-03_bs512_lam_c0.5_fold_5,interv/random_group_level_True_use_prior_False/curve_table
CEM,0.5,5,random,9,0.8286513114099321,fl5spwga,CEM_adam_lr1e-03_bs512_lam_c0.5_fold_5,interv/random_group_level_True_use_prior_False/curve_table
CEM,0.5,5,random,10,0.8289175875382772,fl5spwga,CEM_adam_lr1e-03_bs512_lam_c0.5_fold_5,interv/random_group_level_True_use_prior_False/curve_table
CEM,0.5,5,random,11,0.8293170017307948,fl5spwga,CEM_adam_lr1e-03_bs512_lam_c0.5_fold_5,interv/random_group_level_True_use_prior_False/curve_table
CEM,0.5,5,random,12,0.8301158301158301,fl5spwga,CEM_adam_lr1e-03_bs512_lam_c0.5_fold_5,interv/random_group_level_True_use_prior_False/curve_table
CEM,0.5,5,random,13,0.8306483823725203,fl5spwga,CEM_adam_lr1e-03_bs512_lam_c0.5_fold_5,interv/random_group_level_True_use_prior_False/curve_table
CEM,0.5,5,random,14,0.8311809346292105,fl5spwga,CEM_adam_lr1e-03_bs512_lam_c0.5_fold_5,interv/random_group_level_True_use_prior_False/curve_table
CEM,0.5,5,random,15,0.8319797630142458,fl5spwga,CEM_adam_lr1e-03_bs512_lam_c0.5_fold_5,interv/random_group_level_True_use_prior_False/curve_table
CEM,0.5,5,random,16,0.832778591399281,fl5spwga,CEM_adam_lr1e-03_bs512_lam_c0.5_fold_5,interv/random_group_level_True_use_prior_False/curve_table
CEM,0.5,5,random,17,0.8330448675276262,fl5spwga,CEM_adam_lr1e-03_bs512_lam_c0.5_fold_5,interv/random_group_level_True_use_prior_False/curve_table
CEM,1.0,1,random,0,0.8318466249500732,tihyc1gj,CEM_adam_lr1e-03_bs512_lam_c1.0_fold_1,interv/random_group_level_True_use_prior_False/curve_table
CEM,1.0,1,random,1,0.8315803488217282,tihyc1gj,CEM_adam_lr1e-03_bs512_lam_c1.0_fold_1,interv/random_group_level_True_use_prior_False/curve_table
CEM,1.0,1,random,2,0.8315803488217282,tihyc1gj,CEM_adam_lr1e-03_bs512_lam_c1.0_fold_1,interv/random_group_level_True_use_prior_False/curve_table
CEM,1.0,1,random,3,0.8309146585008654,tihyc1gj,CEM_adam_lr1e-03_bs512_lam_c1.0_fold_1,interv/random_group_level_True_use_prior_False/curve_table
CEM,1.0,1,random,4,0.8309146585008654,tihyc1gj,CEM_adam_lr1e-03_bs512_lam_c1.0_fold_1,interv/random_group_level_True_use_prior_False/curve_table
CEM,1.0,1,random,5,0.8303821062441752,tihyc1gj,CEM_adam_lr1e-03_bs512_lam_c1.0_fold_1,interv/random_group_level_True_use_prior_False/curve_table
CEM,1.0,1,random,6,0.8298495539874851,tihyc1gj,CEM_adam_lr1e-03_bs512_lam_c1.0_fold_1,interv/random_group_level_True_use_prior_False/curve_table
CEM,1.0,1,random,7,0.8295832778591399,tihyc1gj,CEM_adam_lr1e-03_bs512_lam_c1.0_fold_1,interv/random_group_level_True_use_prior_False/curve_table
CEM,1.0,1,random,8,0.8301158301158301,tihyc1gj,CEM_adam_lr1e-03_bs512_lam_c1.0_fold_1,interv/random_group_level_True_use_prior_False/curve_table
CEM,1.0,1,random,9,0.8303821062441752,tihyc1gj,CEM_adam_lr1e-03_bs512_lam_c1.0_fold_1,interv/random_group_level_True_use_prior_False/curve_table
CEM,1.0,1,random,10,0.8307815204366928,tihyc1gj,CEM_adam_lr1e-03_bs512_lam_c1.0_fold_1,interv/random_group_level_True_use_prior_False/curve_table
CEM,1.0,1,random,11,0.8305152443083478,tihyc1gj,CEM_adam_lr1e-03_bs512_lam_c1.0_fold_1,interv/random_group_level_True_use_prior_False/curve_table
CEM,1.0,1,random,12,0.8310477965650379,tihyc1gj,CEM_adam_lr1e-03_bs512_lam_c1.0_fold_1,interv/random_group_level_True_use_prior_False/curve_table
CEM,1.0,1,random,13,0.8309146585008654,tihyc1gj,CEM_adam_lr1e-03_bs512_lam_c1.0_fold_1,interv/random_group_level_True_use_prior_False/curve_table
CEM,1.0,1,random,14,0.8306483823725203,tihyc1gj,CEM_adam_lr1e-03_bs512_lam_c1.0_fold_1,interv/random_group_level_True_use_prior_False/curve_table
CEM,1.0,1,random,15,0.8305152443083478,tihyc1gj,CEM_adam_lr1e-03_bs512_lam_c1.0_fold_1,interv/random_group_level_True_use_prior_False/curve_table
CEM,1.0,1,random,16,0.8306483823725203,tihyc1gj,CEM_adam_lr1e-03_bs512_lam_c1.0_fold_1,interv/random_group_level_True_use_prior_False/curve_table
CEM,1.0,1,random,17,0.8307815204366928,tihyc1gj,CEM_adam_lr1e-03_bs512_lam_c1.0_fold_1,interv/random_group_level_True_use_prior_False/curve_table
CEM,1.0,2,random,0,0.8247903075489282,8xwe42sw,CEM_adam_lr1e-03_bs512_lam_c1.0_fold_2,interv/random_group_level_True_use_prior_False/curve_table
CEM,1.0,2,random,1,0.8243908933564106,8xwe42sw,CEM_adam_lr1e-03_bs512_lam_c1.0_fold_2,interv/random_group_level_True_use_prior_False/curve_table
CEM,1.0,2,random,2,0.8246571694847556,8xwe42sw,CEM_adam_lr1e-03_bs512_lam_c1.0_fold_2,interv/random_group_level_True_use_prior_False/curve_table
CEM,1.0,2,random,3,0.8243908933564106,8xwe42sw,CEM_adam_lr1e-03_bs512_lam_c1.0_fold_2,interv/random_group_level_True_use_prior_False/curve_table
CEM,1.0,2,random,4,0.8239914791638929,8xwe42sw,CEM_adam_lr1e-03_bs512_lam_c1.0_fold_2,interv/random_group_level_True_use_prior_False/curve_table
CEM,1.0,2,random,5,0.8241246172280655,8xwe42sw,CEM_adam_lr1e-03_bs512_lam_c1.0_fold_2,interv/random_group_level_True_use_prior_False/curve_table
CEM,1.0,2,random,6,0.8239914791638929,8xwe42sw,CEM_adam_lr1e-03_bs512_lam_c1.0_fold_2,interv/random_group_level_True_use_prior_False/curve_table
CEM,1.0,2,random,7,0.8242577552922381,8xwe42sw,CEM_adam_lr1e-03_bs512_lam_c1.0_fold_2,interv/random_group_level_True_use_prior_False/curve_table
CEM,1.0,2,random,8,0.8241246172280655,8xwe42sw,CEM_adam_lr1e-03_bs512_lam_c1.0_fold_2,interv/random_group_level_True_use_prior_False/curve_table
CEM,1.0,2,random,9,0.8243908933564106,8xwe42sw,CEM_adam_lr1e-03_bs512_lam_c1.0_fold_2,interv/random_group_level_True_use_prior_False/curve_table
CEM,1.0,2,random,10,0.8243908933564106,8xwe42sw,CEM_adam_lr1e-03_bs512_lam_c1.0_fold_2,interv/random_group_level_True_use_prior_False/curve_table
CEM,1.0,2,random,11,0.8245240314205832,8xwe42sw,CEM_adam_lr1e-03_bs512_lam_c1.0_fold_2,interv/random_group_level_True_use_prior_False/curve_table
CEM,1.0,2,random,12,0.8247903075489282,8xwe42sw,CEM_adam_lr1e-03_bs512_lam_c1.0_fold_2,interv/random_group_level_True_use_prior_False/curve_table
CEM,1.0,2,random,13,0.8246571694847556,8xwe42sw,CEM_adam_lr1e-03_bs512_lam_c1.0_fold_2,interv/random_group_level_True_use_prior_False/curve_table
CEM,1.0,2,random,14,0.8250565836772733,8xwe42sw,CEM_adam_lr1e-03_bs512_lam_c1.0_fold_2,interv/random_group_level_True_use_prior_False/curve_table
CEM,1.0,2,random,15,0.8246571694847556,8xwe42sw,CEM_adam_lr1e-03_bs512_lam_c1.0_fold_2,interv/random_group_level_True_use_prior_False/curve_table
CEM,1.0,2,random,16,0.8243908933564106,8xwe42sw,CEM_adam_lr1e-03_bs512_lam_c1.0_fold_2,interv/random_group_level_True_use_prior_False/curve_table
CEM,1.0,2,random,17,0.8247903075489282,8xwe42sw,CEM_adam_lr1e-03_bs512_lam_c1.0_fold_2,interv/random_group_level_True_use_prior_False/curve_table
CEM,1.0,3,random,0,0.8307815204366928,wnnlxbqv,CEM_adam_lr1e-03_bs512_lam_c1.0_fold_3,interv/random_group_level_True_use_prior_False/curve_table
CEM,1.0,3,random,1,0.8306483823725203,wnnlxbqv,CEM_adam_lr1e-03_bs512_lam_c1.0_fold_3,interv/random_group_level_True_use_prior_False/curve_table
CEM,1.0,3,random,2,0.8309146585008654,wnnlxbqv,CEM_adam_lr1e-03_bs512_lam_c1.0_fold_3,interv/random_group_level_True_use_prior_False/curve_table
CEM,1.0,3,random,3,0.8309146585008654,wnnlxbqv,CEM_adam_lr1e-03_bs512_lam_c1.0_fold_3,interv/random_group_level_True_use_prior_False/curve_table
CEM,1.0,3,random,4,0.8307815204366928,wnnlxbqv,CEM_adam_lr1e-03_bs512_lam_c1.0_fold_3,interv/random_group_level_True_use_prior_False/curve_table
CEM,1.0,3,random,5,0.8311809346292105,wnnlxbqv,CEM_adam_lr1e-03_bs512_lam_c1.0_fold_3,interv/random_group_level_True_use_prior_False/curve_table
CEM,1.0,3,random,6,0.8314472107575556,wnnlxbqv,CEM_adam_lr1e-03_bs512_lam_c1.0_fold_3,interv/random_group_level_True_use_prior_False/curve_table
CEM,1.0,3,random,7,0.8318466249500732,wnnlxbqv,CEM_adam_lr1e-03_bs512_lam_c1.0_fold_3,interv/random_group_level_True_use_prior_False/curve_table
CEM,1.0,3,random,8,0.8318466249500732,wnnlxbqv,CEM_adam_lr1e-03_bs512_lam_c1.0_fold_3,interv/random_group_level_True_use_prior_False/curve_table
CEM,1.0,3,random,9,0.8317134868859006,wnnlxbqv,CEM_adam_lr1e-03_bs512_lam_c1.0_fold_3,interv/random_group_level_True_use_prior_False/curve_table
CEM,1.0,3,random,10,0.8322460391425909,wnnlxbqv,CEM_adam_lr1e-03_bs512_lam_c1.0_fold_3,interv/random_group_level_True_use_prior_False/curve_table
CEM,1.0,3,random,11,0.8321129010784183,wnnlxbqv,CEM_adam_lr1e-03_bs512_lam_c1.0_fold_3,interv/random_group_level_True_use_prior_False/curve_table
CEM,1.0,3,random,12,0.8321129010784183,wnnlxbqv,CEM_adam_lr1e-03_bs512_lam_c1.0_fold_3,interv/random_group_level_True_use_prior_False/curve_table
CEM,1.0,3,random,13,0.8318466249500732,wnnlxbqv,CEM_adam_lr1e-03_bs512_lam_c1.0_fold_3,interv/random_group_level_True_use_prior_False/curve_table
CEM,1.0,3,random,14,0.8321129010784183,wnnlxbqv,CEM_adam_lr1e-03_bs512_lam_c1.0_fold_3,interv/random_group_level_True_use_prior_False/curve_table
CEM,1.0,3,random,15,0.8321129010784183,wnnlxbqv,CEM_adam_lr1e-03_bs512_lam_c1.0_fold_3,interv/random_group_level_True_use_prior_False/curve_table
CEM,1.0,3,random,16,0.832778591399281,wnnlxbqv,CEM_adam_lr1e-03_bs512_lam_c1.0_fold_3,interv/random_group_level_True_use_prior_False/curve_table
CEM,1.0,3,random,17,0.8326454533351085,wnnlxbqv,CEM_adam_lr1e-03_bs512_lam_c1.0_fold_3,interv/random_group_level_True_use_prior_False/curve_table
CEM,1.0,4,random,0,0.8262548262548263,m3t1bxw1,CEM_adam_lr1e-03_bs512_lam_c1.0_fold_4,interv/random_group_level_True_use_prior_False/curve_table
CEM,1.0,4,random,1,0.8259885501264812,m3t1bxw1,CEM_adam_lr1e-03_bs512_lam_c1.0_fold_4,interv/random_group_level_True_use_prior_False/curve_table
CEM,1.0,4,random,2,0.8259885501264812,m3t1bxw1,CEM_adam_lr1e-03_bs512_lam_c1.0_fold_4,interv/random_group_level_True_use_prior_False/curve_table
CEM,1.0,4,random,3,0.8261216881906537,m3t1bxw1,CEM_adam_lr1e-03_bs512_lam_c1.0_fold_4,interv/random_group_level_True_use_prior_False/curve_table
CEM,1.0,4,random,4,0.8261216881906537,m3t1bxw1,CEM_adam_lr1e-03_bs512_lam_c1.0_fold_4,interv/random_group_level_True_use_prior_False/curve_table
CEM,1.0,4,random,5,0.8261216881906537,m3t1bxw1,CEM_adam_lr1e-03_bs512_lam_c1.0_fold_4,interv/random_group_level_True_use_prior_False/curve_table
CEM,1.0,4,random,6,0.8261216881906537,m3t1bxw1,CEM_adam_lr1e-03_bs512_lam_c1.0_fold_4,interv/random_group_level_True_use_prior_False/curve_table
CEM,1.0,4,random,7,0.8265211023831713,m3t1bxw1,CEM_adam_lr1e-03_bs512_lam_c1.0_fold_4,interv/random_group_level_True_use_prior_False/curve_table
CEM,1.0,4,random,8,0.8261216881906537,m3t1bxw1,CEM_adam_lr1e-03_bs512_lam_c1.0_fold_4,interv/random_group_level_True_use_prior_False/curve_table
CEM,1.0,4,random,9,0.8258554120623086,m3t1bxw1,CEM_adam_lr1e-03_bs512_lam_c1.0_fold_4,interv/random_group_level_True_use_prior_False/curve_table
CEM,1.0,4,random,10,0.825722273998136,m3t1bxw1,CEM_adam_lr1e-03_bs512_lam_c1.0_fold_4,interv/random_group_level_True_use_prior_False/curve_table
CEM,1.0,4,random,11,0.8253228598056185,m3t1bxw1,CEM_adam_lr1e-03_bs512_lam_c1.0_fold_4,interv/random_group_level_True_use_prior_False/curve_table
CEM,1.0,4,random,12,0.825722273998136,m3t1bxw1,CEM_adam_lr1e-03_bs512_lam_c1.0_fold_4,interv/random_group_level_True_use_prior_False/curve_table
CEM,1.0,4,random,13,0.8251897217414459,m3t1bxw1,CEM_adam_lr1e-03_bs512_lam_c1.0_fold_4,interv/random_group_level_True_use_prior_False/curve_table
CEM,1.0,4,random,14,0.8253228598056185,m3t1bxw1,CEM_adam_lr1e-03_bs512_lam_c1.0_fold_4,interv/random_group_level_True_use_prior_False/curve_table
CEM,1.0,4,random,15,0.8255891359339635,m3t1bxw1,CEM_adam_lr1e-03_bs512_lam_c1.0_fold_4,interv/random_group_level_True_use_prior_False/curve_table
CEM,1.0,4,random,16,0.8261216881906537,m3t1bxw1,CEM_adam_lr1e-03_bs512_lam_c1.0_fold_4,interv/random_group_level_True_use_prior_False/curve_table
CEM,1.0,4,random,17,0.8261216881906537,m3t1bxw1,CEM_adam_lr1e-03_bs512_lam_c1.0_fold_4,interv/random_group_level_True_use_prior_False/curve_table
CEM,1.0,5,random,0,0.8302489681800027,ui32mzig,CEM_adam_lr1e-03_bs512_lam_c1.0_fold_5,interv/random_group_level_True_use_prior_False/curve_table
CEM,1.0,5,random,1,0.8301158301158301,ui32mzig,CEM_adam_lr1e-03_bs512_lam_c1.0_fold_5,interv/random_group_level_True_use_prior_False/curve_table
CEM,1.0,5,random,2,0.8295832778591399,ui32mzig,CEM_adam_lr1e-03_bs512_lam_c1.0_fold_5,interv/random_group_level_True_use_prior_False/curve_table
CEM,1.0,5,random,3,0.8301158301158301,ui32mzig,CEM_adam_lr1e-03_bs512_lam_c1.0_fold_5,interv/random_group_level_True_use_prior_False/curve_table
CEM,1.0,5,random,4,0.8290507256024497,ui32mzig,CEM_adam_lr1e-03_bs512_lam_c1.0_fold_5,interv/random_group_level_True_use_prior_False/curve_table
CEM,1.0,5,random,5,0.8290507256024497,ui32mzig,CEM_adam_lr1e-03_bs512_lam_c1.0_fold_5,interv/random_group_level_True_use_prior_False/curve_table
CEM,1.0,5,random,6,0.8286513114099321,ui32mzig,CEM_adam_lr1e-03_bs512_lam_c1.0_fold_5,interv/random_group_level_True_use_prior_False/curve_table
CEM,1.0,5,random,7,0.8279856210890694,ui32mzig,CEM_adam_lr1e-03_bs512_lam_c1.0_fold_5,interv/random_group_level_True_use_prior_False/curve_table
CEM,1.0,5,random,8,0.8279856210890694,ui32mzig,CEM_adam_lr1e-03_bs512_lam_c1.0_fold_5,interv/random_group_level_True_use_prior_False/curve_table
CEM,1.0,5,random,9,0.8270536546398616,ui32mzig,CEM_adam_lr1e-03_bs512_lam_c1.0_fold_5,interv/random_group_level_True_use_prior_False/curve_table
CEM,1.0,5,random,10,0.8273199307682066,ui32mzig,CEM_adam_lr1e-03_bs512_lam_c1.0_fold_5,interv/random_group_level_True_use_prior_False/curve_table
CEM,1.0,5,random,11,0.8270536546398616,ui32mzig,CEM_adam_lr1e-03_bs512_lam_c1.0_fold_5,interv/random_group_level_True_use_prior_False/curve_table
CEM,1.0,5,random,12,0.8266542404473439,ui32mzig,CEM_adam_lr1e-03_bs512_lam_c1.0_fold_5,interv/random_group_level_True_use_prior_False/curve_table
CEM,1.0,5,random,13,0.826920516575689,ui32mzig,CEM_adam_lr1e-03_bs512_lam_c1.0_fold_5,interv/random_group_level_True_use_prior_False/curve_table
CEM,1.0,5,random,14,0.8266542404473439,ui32mzig,CEM_adam_lr1e-03_bs512_lam_c1.0_fold_5,interv/random_group_level_True_use_prior_False/curve_table
CEM,1.0,5,random,15,0.8259885501264812,ui32mzig,CEM_adam_lr1e-03_bs512_lam_c1.0_fold_5,interv/random_group_level_True_use_prior_False/curve_table
CEM,1.0,5,random,16,0.8259885501264812,ui32mzig,CEM_adam_lr1e-03_bs512_lam_c1.0_fold_5,interv/random_group_level_True_use_prior_False/curve_table
CEM,1.0,5,random,17,0.8265211023831713,ui32mzig,CEM_adam_lr1e-03_bs512_lam_c1.0_fold_5,interv/random_group_level_True_use_prior_False/curve_table
GCCEM,0.1,1,random,0,0.8160031953135402,7epgj02l,GCCEM_adam_lr5e-04_bs512_lam1_none_lam_c0.1_shared_critic_fold_1,interv/random_group_level_True_use_prior_False/curve_table
GCCEM,0.1,1,random,1,0.8164026095060578,7epgj02l,GCCEM_adam_lr5e-04_bs512_lam1_none_lam_c0.1_shared_critic_fold_1,interv/random_group_level_True_use_prior_False/curve_table
GCCEM,0.1,1,random,2,0.8168020236985755,7epgj02l,GCCEM_adam_lr5e-04_bs512_lam1_none_lam_c0.1_shared_critic_fold_1,interv/random_group_level_True_use_prior_False/curve_table
GCCEM,0.1,1,random,3,0.8180002662761283,7epgj02l,GCCEM_adam_lr5e-04_bs512_lam1_none_lam_c0.1_shared_critic_fold_1,interv/random_group_level_True_use_prior_False/curve_table
GCCEM,0.1,1,random,4,0.8187990946611636,7epgj02l,GCCEM_adam_lr5e-04_bs512_lam1_none_lam_c0.1_shared_critic_fold_1,interv/random_group_level_True_use_prior_False/curve_table
GCCEM,0.1,1,random,5,0.8197310611103714,7epgj02l,GCCEM_adam_lr5e-04_bs512_lam1_none_lam_c0.1_shared_critic_fold_1,interv/random_group_level_True_use_prior_False/curve_table
GCCEM,0.1,1,random,6,0.8215949940087871,7epgj02l,GCCEM_adam_lr5e-04_bs512_lam1_none_lam_c0.1_shared_critic_fold_1,interv/random_group_level_True_use_prior_False/curve_table
GCCEM,0.1,1,random,7,0.8227932365863401,7epgj02l,GCCEM_adam_lr5e-04_bs512_lam1_none_lam_c0.1_shared_critic_fold_1,interv/random_group_level_True_use_prior_False/curve_table
GCCEM,0.1,1,random,8,0.8241246172280655,7epgj02l,GCCEM_adam_lr5e-04_bs512_lam1_none_lam_c0.1_shared_critic_fold_1,interv/random_group_level_True_use_prior_False/curve_table
GCCEM,0.1,1,random,9,0.8249234456131008,7epgj02l,GCCEM_adam_lr5e-04_bs512_lam1_none_lam_c0.1_shared_critic_fold_1,interv/random_group_level_True_use_prior_False/curve_table
GCCEM,0.1,1,random,10,0.8262548262548263,7epgj02l,GCCEM_adam_lr5e-04_bs512_lam1_none_lam_c0.1_shared_critic_fold_1,interv/random_group_level_True_use_prior_False/curve_table
GCCEM,0.1,1,random,11,0.8265211023831713,7epgj02l,GCCEM_adam_lr5e-04_bs512_lam1_none_lam_c0.1_shared_critic_fold_1,interv/random_group_level_True_use_prior_False/curve_table
GCCEM,0.1,1,random,12,0.828118759153242,7epgj02l,GCCEM_adam_lr5e-04_bs512_lam1_none_lam_c0.1_shared_critic_fold_1,interv/random_group_level_True_use_prior_False/curve_table
GCCEM,0.1,1,random,13,0.8290507256024497,7epgj02l,GCCEM_adam_lr5e-04_bs512_lam1_none_lam_c0.1_shared_critic_fold_1,interv/random_group_level_True_use_prior_False/curve_table
GCCEM,0.1,1,random,14,0.8297164159233125,7epgj02l,GCCEM_adam_lr5e-04_bs512_lam1_none_lam_c0.1_shared_critic_fold_1,interv/random_group_level_True_use_prior_False/curve_table
GCCEM,0.1,1,random,15,0.8310477965650379,7epgj02l,GCCEM_adam_lr5e-04_bs512_lam1_none_lam_c0.1_shared_critic_fold_1,interv/random_group_level_True_use_prior_False/curve_table
GCCEM,0.1,1,random,16,0.8321129010784183,7epgj02l,GCCEM_adam_lr5e-04_bs512_lam1_none_lam_c0.1_shared_critic_fold_1,interv/random_group_level_True_use_prior_False/curve_table
GCCEM,0.1,1,random,17,0.8330448675276262,7epgj02l,GCCEM_adam_lr5e-04_bs512_lam1_none_lam_c0.1_shared_critic_fold_1,interv/random_group_level_True_use_prior_False/curve_table
GCCEM,0.1,2,random,0,0.8226600985221675,zp0avzau,GCCEM_adam_lr5e-04_bs512_lam1_none_lam_c0.1_shared_critic_fold_2,interv/random_group_level_True_use_prior_False/curve_table
GCCEM,0.1,2,random,1,0.8234589269072028,zp0avzau,GCCEM_adam_lr5e-04_bs512_lam1_none_lam_c0.1_shared_critic_fold_2,interv/random_group_level_True_use_prior_False/curve_table
GCCEM,0.1,2,random,2,0.8249234456131008,zp0avzau,GCCEM_adam_lr5e-04_bs512_lam1_none_lam_c0.1_shared_critic_fold_2,interv/random_group_level_True_use_prior_False/curve_table
GCCEM,0.1,2,random,3,0.8267873785115164,zp0avzau,GCCEM_adam_lr5e-04_bs512_lam1_none_lam_c0.1_shared_critic_fold_2,interv/random_group_level_True_use_prior_False/curve_table
GCCEM,0.1,2,random,4,0.8293170017307948,zp0avzau,GCCEM_adam_lr5e-04_bs512_lam1_none_lam_c0.1_shared_critic_fold_2,interv/random_group_level_True_use_prior_False/curve_table
GCCEM,0.1,2,random,5,0.8305152443083478,zp0avzau,GCCEM_adam_lr5e-04_bs512_lam1_none_lam_c0.1_shared_critic_fold_2,interv/random_group_level_True_use_prior_False/curve_table
GCCEM,0.1,2,random,6,0.8313140726933831,zp0avzau,GCCEM_adam_lr5e-04_bs512_lam1_none_lam_c0.1_shared_critic_fold_2,interv/random_group_level_True_use_prior_False/curve_table
GCCEM,0.1,2,random,7,0.8322460391425909,zp0avzau,GCCEM_adam_lr5e-04_bs512_lam1_none_lam_c0.1_shared_critic_fold_2,interv/random_group_level_True_use_prior_False/curve_table
GCCEM,0.1,2,random,8,0.8338436959126614,zp0avzau,GCCEM_adam_lr5e-04_bs512_lam1_none_lam_c0.1_shared_critic_fold_2,interv/random_group_level_True_use_prior_False/curve_table
GCCEM,0.1,2,random,9,0.8349088004260418,zp0avzau,GCCEM_adam_lr5e-04_bs512_lam1_none_lam_c0.1_shared_critic_fold_2,interv/random_group_level_True_use_prior_False/curve_table
GCCEM,0.1,2,random,10,0.8361070430035947,zp0avzau,GCCEM_adam_lr5e-04_bs512_lam1_none_lam_c0.1_shared_critic_fold_2,interv/random_group_level_True_use_prior_False/curve_table
GCCEM,0.1,2,random,11,0.8378378378378378,zp0avzau,GCCEM_adam_lr5e-04_bs512_lam1_none_lam_c0.1_shared_critic_fold_2,interv/random_group_level_True_use_prior_False/curve_table
GCCEM,0.1,2,random,12,0.8387698042870456,zp0avzau,GCCEM_adam_lr5e-04_bs512_lam1_none_lam_c0.1_shared_critic_fold_2,interv/random_group_level_True_use_prior_False/curve_table
GCCEM,0.1,2,random,13,0.8411662894421515,zp0avzau,GCCEM_adam_lr5e-04_bs512_lam1_none_lam_c0.1_shared_critic_fold_2,interv/random_group_level_True_use_prior_False/curve_table
GCCEM,0.1,2,random,14,0.8420982558913593,zp0avzau,GCCEM_adam_lr5e-04_bs512_lam1_none_lam_c0.1_shared_critic_fold_2,interv/random_group_level_True_use_prior_False/curve_table
GCCEM,0.1,2,random,15,0.843962188789775,zp0avzau,GCCEM_adam_lr5e-04_bs512_lam1_none_lam_c0.1_shared_critic_fold_2,interv/random_group_level_True_use_prior_False/curve_table
GCCEM,0.1,2,random,16,0.8455598455598455,zp0avzau,GCCEM_adam_lr5e-04_bs512_lam1_none_lam_c0.1_shared_critic_fold_2,interv/random_group_level_True_use_prior_False/curve_table
GCCEM,0.1,2,random,17,0.8472906403940886,zp0avzau,GCCEM_adam_lr5e-04_bs512_lam1_none_lam_c0.1_shared_critic_fold_2,interv/random_group_level_True_use_prior_False/curve_table
GCCEM,0.1,3,random,0,0.8218612701371322,4m0mpscq,GCCEM_adam_lr5e-04_bs512_lam1_none_lam_c0.1_shared_critic_fold_3,interv/random_group_level_True_use_prior_False/curve_table
GCCEM,0.1,3,random,1,0.8226600985221675,4m0mpscq,GCCEM_adam_lr5e-04_bs512_lam1_none_lam_c0.1_shared_critic_fold_3,interv/random_group_level_True_use_prior_False/curve_table
GCCEM,0.1,3,random,2,0.8233257888430302,4m0mpscq,GCCEM_adam_lr5e-04_bs512_lam1_none_lam_c0.1_shared_critic_fold_3,interv/random_group_level_True_use_prior_False/curve_table
GCCEM,0.1,3,random,3,0.8239914791638929,4m0mpscq,GCCEM_adam_lr5e-04_bs512_lam1_none_lam_c0.1_shared_critic_fold_3,interv/random_group_level_True_use_prior_False/curve_table
GCCEM,0.1,3,random,4,0.8251897217414459,4m0mpscq,GCCEM_adam_lr5e-04_bs512_lam1_none_lam_c0.1_shared_critic_fold_3,interv/random_group_level_True_use_prior_False/curve_table
GCCEM,0.1,3,random,5,0.825722273998136,4m0mpscq,GCCEM_adam_lr5e-04_bs512_lam1_none_lam_c0.1_shared_critic_fold_3,interv/random_group_level_True_use_prior_False/curve_table
GCCEM,0.1,3,random,6,0.8270536546398616,4m0mpscq,GCCEM_adam_lr5e-04_bs512_lam1_none_lam_c0.1_shared_critic_fold_3,interv/random_group_level_True_use_prior_False/curve_table
GCCEM,0.1,3,random,7,0.8277193449607243,4m0mpscq,GCCEM_adam_lr5e-04_bs512_lam1_none_lam_c0.1_shared_critic_fold_3,interv/random_group_level_True_use_prior_False/curve_table
GCCEM,0.1,3,random,8,0.828385035281587,4m0mpscq,GCCEM_adam_lr5e-04_bs512_lam1_none_lam_c0.1_shared_critic_fold_3,interv/random_group_level_True_use_prior_False/curve_table
GCCEM,0.1,3,random,9,0.8299826920516575,4m0mpscq,GCCEM_adam_lr5e-04_bs512_lam1_none_lam_c0.1_shared_critic_fold_3,interv/random_group_level_True_use_prior_False/curve_table
GCCEM,0.1,3,random,10,0.8321129010784183,4m0mpscq,GCCEM_adam_lr5e-04_bs512_lam1_none_lam_c0.1_shared_critic_fold_3,interv/random_group_level_True_use_prior_False/curve_table
GCCEM,0.1,3,random,11,0.8333111436559713,4m0mpscq,GCCEM_adam_lr5e-04_bs512_lam1_none_lam_c0.1_shared_critic_fold_3,interv/random_group_level_True_use_prior_False/curve_table
GCCEM,0.1,3,random,12,0.835441352682732,4m0mpscq,GCCEM_adam_lr5e-04_bs512_lam1_none_lam_c0.1_shared_critic_fold_3,interv/random_group_level_True_use_prior_False/curve_table
GCCEM,0.1,3,random,13,0.8381041139661829,4m0mpscq,GCCEM_adam_lr5e-04_bs512_lam1_none_lam_c0.1_shared_critic_fold_3,interv/random_group_level_True_use_prior_False/curve_table
GCCEM,0.1,3,random,14,0.8395686326720809,4m0mpscq,GCCEM_adam_lr5e-04_bs512_lam1_none_lam_c0.1_shared_critic_fold_3,interv/random_group_level_True_use_prior_False/curve_table
GCCEM,0.1,3,random,15,0.8409000133138064,4m0mpscq,GCCEM_adam_lr5e-04_bs512_lam1_none_lam_c0.1_shared_critic_fold_3,interv/random_group_level_True_use_prior_False/curve_table
GCCEM,0.1,3,random,16,0.8423645320197044,4m0mpscq,GCCEM_adam_lr5e-04_bs512_lam1_none_lam_c0.1_shared_critic_fold_3,interv/random_group_level_True_use_prior_False/curve_table
GCCEM,0.1,3,random,17,0.8438290507256024,4m0mpscq,GCCEM_adam_lr5e-04_bs512_lam1_none_lam_c0.1_shared_critic_fold_3,interv/random_group_level_True_use_prior_False/curve_table
GCCEM,0.1,4,random,0,0.8246571694847556,dxmag9nq,GCCEM_adam_lr5e-04_bs512_lam1_none_lam_c0.1_shared_critic_fold_4,interv/random_group_level_True_use_prior_False/curve_table
GCCEM,0.1,4,random,1,0.8249234456131008,dxmag9nq,GCCEM_adam_lr5e-04_bs512_lam1_none_lam_c0.1_shared_critic_fold_4,interv/random_group_level_True_use_prior_False/curve_table
GCCEM,0.1,4,random,2,0.8262548262548263,dxmag9nq,GCCEM_adam_lr5e-04_bs512_lam1_none_lam_c0.1_shared_critic_fold_4,interv/random_group_level_True_use_prior_False/curve_table
GCCEM,0.1,4,random,3,0.8282518972174144,dxmag9nq,GCCEM_adam_lr5e-04_bs512_lam1_none_lam_c0.1_shared_critic_fold_4,interv/random_group_level_True_use_prior_False/curve_table
GCCEM,0.1,4,random,4,0.8294501397949674,dxmag9nq,GCCEM_adam_lr5e-04_bs512_lam1_none_lam_c0.1_shared_critic_fold_4,interv/random_group_level_True_use_prior_False/curve_table
GCCEM,0.1,4,random,5,0.8310477965650379,dxmag9nq,GCCEM_adam_lr5e-04_bs512_lam1_none_lam_c0.1_shared_critic_fold_4,interv/random_group_level_True_use_prior_False/curve_table
GCCEM,0.1,4,random,6,0.8322460391425909,dxmag9nq,GCCEM_adam_lr5e-04_bs512_lam1_none_lam_c0.1_shared_critic_fold_4,interv/random_group_level_True_use_prior_False/curve_table
GCCEM,0.1,4,random,7,0.8335774197843163,dxmag9nq,GCCEM_adam_lr5e-04_bs512_lam1_none_lam_c0.1_shared_critic_fold_4,interv/random_group_level_True_use_prior_False/curve_table
GCCEM,0.1,4,random,8,0.8350419384902144,dxmag9nq,GCCEM_adam_lr5e-04_bs512_lam1_none_lam_c0.1_shared_critic_fold_4,interv/random_group_level_True_use_prior_False/curve_table
GCCEM,0.1,4,random,9,0.8362401810677673,dxmag9nq,GCCEM_adam_lr5e-04_bs512_lam1_none_lam_c0.1_shared_critic_fold_4,interv/random_group_level_True_use_prior_False/curve_table
GCCEM,0.1,4,random,10,0.8373052855811477,dxmag9nq,GCCEM_adam_lr5e-04_bs512_lam1_none_lam_c0.1_shared_critic_fold_4,interv/random_group_level_True_use_prior_False/curve_table
GCCEM,0.1,4,random,11,0.8375715617094928,dxmag9nq,GCCEM_adam_lr5e-04_bs512_lam1_none_lam_c0.1_shared_critic_fold_4,interv/random_group_level_True_use_prior_False/curve_table
GCCEM,0.1,4,random,12,0.8390360804153908,dxmag9nq,GCCEM_adam_lr5e-04_bs512_lam1_none_lam_c0.1_shared_critic_fold_4,interv/random_group_level_True_use_prior_False/curve_table
GCCEM,0.1,4,random,13,0.8414325655704966,dxmag9nq,GCCEM_adam_lr5e-04_bs512_lam1_none_lam_c0.1_shared_critic_fold_4,interv/random_group_level_True_use_prior_False/curve_table
GCCEM,0.1,4,random,14,0.8427639462122221,dxmag9nq,GCCEM_adam_lr5e-04_bs512_lam1_none_lam_c0.1_shared_critic_fold_4,interv/random_group_level_True_use_prior_False/curve_table
GCCEM,0.1,4,random,15,0.8436959126614298,dxmag9nq,GCCEM_adam_lr5e-04_bs512_lam1_none_lam_c0.1_shared_critic_fold_4,interv/random_group_level_True_use_prior_False/curve_table
GCCEM,0.1,4,random,16,0.8452935694315005,dxmag9nq,GCCEM_adam_lr5e-04_bs512_lam1_none_lam_c0.1_shared_critic_fold_4,interv/random_group_level_True_use_prior_False/curve_table
GCCEM,0.1,4,random,17,0.8471575023299162,dxmag9nq,GCCEM_adam_lr5e-04_bs512_lam1_none_lam_c0.1_shared_critic_fold_4,interv/random_group_level_True_use_prior_False/curve_table
GCCEM,0.1,5,random,0,0.8246571694847556,1kaqgzo8,GCCEM_adam_lr5e-04_bs512_lam1_none_lam_c0.1_shared_critic_fold_5,interv/random_group_level_True_use_prior_False/curve_table
GCCEM,0.1,5,random,1,0.8261216881906537,1kaqgzo8,GCCEM_adam_lr5e-04_bs512_lam1_none_lam_c0.1_shared_critic_fold_5,interv/random_group_level_True_use_prior_False/curve_table
GCCEM,0.1,5,random,2,0.8267873785115164,1kaqgzo8,GCCEM_adam_lr5e-04_bs512_lam1_none_lam_c0.1_shared_critic_fold_5,interv/random_group_level_True_use_prior_False/curve_table
GCCEM,0.1,5,random,3,0.8274530688323791,1kaqgzo8,GCCEM_adam_lr5e-04_bs512_lam1_none_lam_c0.1_shared_critic_fold_5,interv/random_group_level_True_use_prior_False/curve_table
GCCEM,0.1,5,random,4,0.828385035281587,1kaqgzo8,GCCEM_adam_lr5e-04_bs512_lam1_none_lam_c0.1_shared_critic_fold_5,interv/random_group_level_True_use_prior_False/curve_table
GCCEM,0.1,5,random,5,0.8299826920516575,1kaqgzo8,GCCEM_adam_lr5e-04_bs512_lam1_none_lam_c0.1_shared_critic_fold_5,interv/random_group_level_True_use_prior_False/curve_table
GCCEM,0.1,5,random,6,0.8322460391425909,1kaqgzo8,GCCEM_adam_lr5e-04_bs512_lam1_none_lam_c0.1_shared_critic_fold_5,interv/random_group_level_True_use_prior_False/curve_table
GCCEM,0.1,5,random,7,0.8333111436559713,1kaqgzo8,GCCEM_adam_lr5e-04_bs512_lam1_none_lam_c0.1_shared_critic_fold_5,interv/random_group_level_True_use_prior_False/curve_table
GCCEM,0.1,5,random,8,0.8353082146185594,1kaqgzo8,GCCEM_adam_lr5e-04_bs512_lam1_none_lam_c0.1_shared_critic_fold_5,interv/random_group_level_True_use_prior_False/curve_table
GCCEM,0.1,5,random,9,0.8374384236453202,1kaqgzo8,GCCEM_adam_lr5e-04_bs512_lam1_none_lam_c0.1_shared_critic_fold_5,interv/random_group_level_True_use_prior_False/curve_table
GCCEM,0.1,5,random,10,0.8387698042870456,1kaqgzo8,GCCEM_adam_lr5e-04_bs512_lam1_none_lam_c0.1_shared_critic_fold_5,interv/random_group_level_True_use_prior_False/curve_table
GCCEM,0.1,5,random,11,0.8409000133138064,1kaqgzo8,GCCEM_adam_lr5e-04_bs512_lam1_none_lam_c0.1_shared_critic_fold_5,interv/random_group_level_True_use_prior_False/curve_table
GCCEM,0.1,5,random,12,0.8434296365330848,1kaqgzo8,GCCEM_adam_lr5e-04_bs512_lam1_none_lam_c0.1_shared_critic_fold_5,interv/random_group_level_True_use_prior_False/curve_table
GCCEM,0.1,5,random,13,0.8458261216881906,1kaqgzo8,GCCEM_adam_lr5e-04_bs512_lam1_none_lam_c0.1_shared_critic_fold_5,interv/random_group_level_True_use_prior_False/curve_table
GCCEM,0.1,5,random,14,0.848355744907469,1kaqgzo8,GCCEM_adam_lr5e-04_bs512_lam1_none_lam_c0.1_shared_critic_fold_5,interv/random_group_level_True_use_prior_False/curve_table
GCCEM,0.1,5,random,15,0.8502196778058847,1kaqgzo8,GCCEM_adam_lr5e-04_bs512_lam1_none_lam_c0.1_shared_critic_fold_5,interv/random_group_level_True_use_prior_False/curve_table
GCCEM,0.1,5,random,16,0.8520836107043004,1kaqgzo8,GCCEM_adam_lr5e-04_bs512_lam1_none_lam_c0.1_shared_critic_fold_5,interv/random_group_level_True_use_prior_False/curve_table
GCCEM,0.1,5,random,17,0.8547463719877513,1kaqgzo8,GCCEM_adam_lr5e-04_bs512_lam1_none_lam_c0.1_shared_critic_fold_5,interv/random_group_level_True_use_prior_False/curve_table
GCCEM,0.5,1,random,0,0.8357076288110771,xk413gw0,GCCEM_adam_lr5e-04_bs512_lam1_none_lam_c0.5_shared_critic_fold_1,interv/random_group_level_True_use_prior_False/curve_table
GCCEM,0.5,1,random,1,0.8367727333244575,xk413gw0,GCCEM_adam_lr5e-04_bs512_lam1_none_lam_c0.5_shared_critic_fold_1,interv/random_group_level_True_use_prior_False/curve_table
GCCEM,0.5,1,random,2,0.8381041139661829,xk413gw0,GCCEM_adam_lr5e-04_bs512_lam1_none_lam_c0.5_shared_critic_fold_1,interv/random_group_level_True_use_prior_False/curve_table
GCCEM,0.5,1,random,3,0.8389029423512182,xk413gw0,GCCEM_adam_lr5e-04_bs512_lam1_none_lam_c0.5_shared_critic_fold_1,interv/random_group_level_True_use_prior_False/curve_table
GCCEM,0.5,1,random,4,0.8402343229929436,xk413gw0,GCCEM_adam_lr5e-04_bs512_lam1_none_lam_c0.5_shared_critic_fold_1,interv/random_group_level_True_use_prior_False/curve_table
GCCEM,0.5,1,random,5,0.841299427506324,xk413gw0,GCCEM_adam_lr5e-04_bs512_lam1_none_lam_c0.5_shared_critic_fold_1,interv/random_group_level_True_use_prior_False/curve_table
GCCEM,0.5,1,random,6,0.841299427506324,xk413gw0,GCCEM_adam_lr5e-04_bs512_lam1_none_lam_c0.5_shared_critic_fold_1,interv/random_group_level_True_use_prior_False/curve_table
GCCEM,0.5,1,random,7,0.8418319797630143,xk413gw0,GCCEM_adam_lr5e-04_bs512_lam1_none_lam_c0.5_shared_critic_fold_1,interv/random_group_level_True_use_prior_False/curve_table
GCCEM,0.5,1,random,8,0.8434296365330848,xk413gw0,GCCEM_adam_lr5e-04_bs512_lam1_none_lam_c0.5_shared_critic_fold_1,interv/random_group_level_True_use_prior_False/curve_table
GCCEM,0.5,1,random,9,0.8442284649181201,xk413gw0,GCCEM_adam_lr5e-04_bs512_lam1_none_lam_c0.5_shared_critic_fold_1,interv/random_group_level_True_use_prior_False/curve_table
GCCEM,0.5,1,random,10,0.8447610171748102,xk413gw0,GCCEM_adam_lr5e-04_bs512_lam1_none_lam_c0.5_shared_critic_fold_1,interv/random_group_level_True_use_prior_False/curve_table
GCCEM,0.5,1,random,11,0.8462255358807083,xk413gw0,GCCEM_adam_lr5e-04_bs512_lam1_none_lam_c0.5_shared_critic_fold_1,interv/random_group_level_True_use_prior_False/curve_table
GCCEM,0.5,1,random,12,0.8484888829716416,xk413gw0,GCCEM_adam_lr5e-04_bs512_lam1_none_lam_c0.5_shared_critic_fold_1,interv/random_group_level_True_use_prior_False/curve_table
GCCEM,0.5,1,random,13,0.8496871255491946,xk413gw0,GCCEM_adam_lr5e-04_bs512_lam1_none_lam_c0.5_shared_critic_fold_1,interv/random_group_level_True_use_prior_False/curve_table
GCCEM,0.5,1,random,14,0.8520836107043004,xk413gw0,GCCEM_adam_lr5e-04_bs512_lam1_none_lam_c0.5_shared_critic_fold_1,interv/random_group_level_True_use_prior_False/curve_table
GCCEM,0.5,1,random,15,0.8531487152176808,xk413gw0,GCCEM_adam_lr5e-04_bs512_lam1_none_lam_c0.5_shared_critic_fold_1,interv/random_group_level_True_use_prior_False/curve_table
GCCEM,0.5,1,random,16,0.8534149913460258,xk413gw0,GCCEM_adam_lr5e-04_bs512_lam1_none_lam_c0.5_shared_critic_fold_1,interv/random_group_level_True_use_prior_False/curve_table
GCCEM,0.5,1,random,17,0.8555452003727866,xk413gw0,GCCEM_adam_lr5e-04_bs512_lam1_none_lam_c0.5_shared_critic_fold_1,interv/random_group_level_True_use_prior_False/curve_table
GCCEM,0.5,2,random,0,0.828385035281587,5bqda4hj,GCCEM_adam_lr5e-04_bs512_lam1_none_lam_c0.5_shared_critic_fold_2,interv/random_group_level_True_use_prior_False/curve_table
GCCEM,0.5,2,random,1,0.8290507256024497,5bqda4hj,GCCEM_adam_lr5e-04_bs512_lam1_none_lam_c0.5_shared_critic_fold_2,interv/random_group_level_True_use_prior_False/curve_table
GCCEM,0.5,2,random,2,0.8302489681800027,5bqda4hj,GCCEM_adam_lr5e-04_bs512_lam1_none_lam_c0.5_shared_critic_fold_2,interv/random_group_level_True_use_prior_False/curve_table
GCCEM,0.5,2,random,3,0.8311809346292105,5bqda4hj,GCCEM_adam_lr5e-04_bs512_lam1_none_lam_c0.5_shared_critic_fold_2,interv/random_group_level_True_use_prior_False/curve_table
GCCEM,0.5,2,random,4,0.8321129010784183,5bqda4hj,GCCEM_adam_lr5e-04_bs512_lam1_none_lam_c0.5_shared_critic_fold_2,interv/random_group_level_True_use_prior_False/curve_table
GCCEM,0.5,2,random,5,0.8325123152709359,5bqda4hj,GCCEM_adam_lr5e-04_bs512_lam1_none_lam_c0.5_shared_critic_fold_2,interv/random_group_level_True_use_prior_False/curve_table
GCCEM,0.5,2,random,6,0.8335774197843163,5bqda4hj,GCCEM_adam_lr5e-04_bs512_lam1_none_lam_c0.5_shared_critic_fold_2,interv/random_group_level_True_use_prior_False/curve_table
GCCEM,0.5,2,random,7,0.834243110105179,5bqda4hj,GCCEM_adam_lr5e-04_bs512_lam1_none_lam_c0.5_shared_critic_fold_2,interv/random_group_level_True_use_prior_False/curve_table
GCCEM,0.5,2,random,8,0.8349088004260418,5bqda4hj,GCCEM_adam_lr5e-04_bs512_lam1_none_lam_c0.5_shared_critic_fold_2,interv/random_group_level_True_use_prior_False/curve_table
GCCEM,0.5,2,random,9,0.8355744907469045,5bqda4hj,GCCEM_adam_lr5e-04_bs512_lam1_none_lam_c0.5_shared_critic_fold_2,interv/random_group_level_True_use_prior_False/curve_table
GCCEM,0.5,2,random,10,0.8373052855811477,5bqda4hj,GCCEM_adam_lr5e-04_bs512_lam1_none_lam_c0.5_shared_critic_fold_2,interv/random_group_level_True_use_prior_False/curve_table
GCCEM,0.5,2,random,11,0.8391692184795633,5bqda4hj,GCCEM_adam_lr5e-04_bs512_lam1_none_lam_c0.5_shared_critic_fold_2,interv/random_group_level_True_use_prior_False/curve_table
GCCEM,0.5,2,random,12,0.8399680468645986,5bqda4hj,GCCEM_adam_lr5e-04_bs512_lam1_none_lam_c0.5_shared_critic_fold_2,interv/random_group_level_True_use_prior_False/curve_table
GCCEM,0.5,2,random,13,0.8419651178271867,5bqda4hj,GCCEM_adam_lr5e-04_bs512_lam1_none_lam_c0.5_shared_critic_fold_2,interv/random_group_level_True_use_prior_False/curve_table
GCCEM,0.5,2,random,14,0.8431633604047397,5bqda4hj,GCCEM_adam_lr5e-04_bs512_lam1_none_lam_c0.5_shared_critic_fold_2,interv/random_group_level_True_use_prior_False/curve_table
GCCEM,0.5,2,random,15,0.8440953268539475,5bqda4hj,GCCEM_adam_lr5e-04_bs512_lam1_none_lam_c0.5_shared_critic_fold_2,interv/random_group_level_True_use_prior_False/curve_table
GCCEM,0.5,2,random,16,0.8448941552389828,5bqda4hj,GCCEM_adam_lr5e-04_bs512_lam1_none_lam_c0.5_shared_critic_fold_2,interv/random_group_level_True_use_prior_False/curve_table
GCCEM,0.5,2,random,17,0.8463586739448808,5bqda4hj,GCCEM_adam_lr5e-04_bs512_lam1_none_lam_c0.5_shared_critic_fold_2,interv/random_group_level_True_use_prior_False/curve_table
GCCEM,0.5,3,random,0,0.8389029423512182,4dqbl917,GCCEM_adam_lr5e-04_bs512_lam1_none_lam_c0.5_shared_critic_fold_3,interv/random_group_level_True_use_prior_False/curve_table
GCCEM,0.5,3,random,1,0.8397017707362535,4dqbl917,GCCEM_adam_lr5e-04_bs512_lam1_none_lam_c0.5_shared_critic_fold_3,interv/random_group_level_True_use_prior_False/curve_table
GCCEM,0.5,3,random,2,0.8405005991212888,4dqbl917,GCCEM_adam_lr5e-04_bs512_lam1_none_lam_c0.5_shared_critic_fold_3,interv/random_group_level_True_use_prior_False/curve_table
GCCEM,0.5,3,random,3,0.8407668752496339,4dqbl917,GCCEM_adam_lr5e-04_bs512_lam1_none_lam_c0.5_shared_critic_fold_3,interv/random_group_level_True_use_prior_False/curve_table
GCCEM,0.5,3,random,4,0.841033151377979,4dqbl917,GCCEM_adam_lr5e-04_bs512_lam1_none_lam_c0.5_shared_critic_fold_3,interv/random_group_level_True_use_prior_False/curve_table
GCCEM,0.5,3,random,5,0.8420982558913593,4dqbl917,GCCEM_adam_lr5e-04_bs512_lam1_none_lam_c0.5_shared_critic_fold_3,interv/random_group_level_True_use_prior_False/curve_table
GCCEM,0.5,3,random,6,0.8435627745972574,4dqbl917,GCCEM_adam_lr5e-04_bs512_lam1_none_lam_c0.5_shared_critic_fold_3,interv/random_group_level_True_use_prior_False/curve_table
GCCEM,0.5,3,random,7,0.8440953268539475,4dqbl917,GCCEM_adam_lr5e-04_bs512_lam1_none_lam_c0.5_shared_critic_fold_3,interv/random_group_level_True_use_prior_False/curve_table
GCCEM,0.5,3,random,8,0.8463586739448808,4dqbl917,GCCEM_adam_lr5e-04_bs512_lam1_none_lam_c0.5_shared_critic_fold_3,interv/random_group_level_True_use_prior_False/curve_table
GCCEM,0.5,3,random,9,0.8472906403940886,4dqbl917,GCCEM_adam_lr5e-04_bs512_lam1_none_lam_c0.5_shared_critic_fold_3,interv/random_group_level_True_use_prior_False/curve_table
GCCEM,0.5,3,random,10,0.8492877113566769,4dqbl917,GCCEM_adam_lr5e-04_bs512_lam1_none_lam_c0.5_shared_critic_fold_3,interv/random_group_level_True_use_prior_False/curve_table
GCCEM,0.5,3,random,11,0.85101850619092,4dqbl917,GCCEM_adam_lr5e-04_bs512_lam1_none_lam_c0.5_shared_critic_fold_3,interv/random_group_level_True_use_prior_False/curve_table
GCCEM,0.5,3,random,12,0.8523498868326455,4dqbl917,GCCEM_adam_lr5e-04_bs512_lam1_none_lam_c0.5_shared_critic_fold_3,interv/random_group_level_True_use_prior_False/curve_table
GCCEM,0.5,3,random,13,0.8530155771535082,4dqbl917,GCCEM_adam_lr5e-04_bs512_lam1_none_lam_c0.5_shared_critic_fold_3,interv/random_group_level_True_use_prior_False/curve_table
GCCEM,0.5,3,random,14,0.8558114765011317,4dqbl917,GCCEM_adam_lr5e-04_bs512_lam1_none_lam_c0.5_shared_critic_fold_3,interv/random_group_level_True_use_prior_False/curve_table
GCCEM,0.5,3,random,15,0.8571428571428571,4dqbl917,GCCEM_adam_lr5e-04_bs512_lam1_none_lam_c0.5_shared_critic_fold_3,interv/random_group_level_True_use_prior_False/curve_table
GCCEM,0.5,3,random,16,0.8583410997204101,4dqbl917,GCCEM_adam_lr5e-04_bs512_lam1_none_lam_c0.5_shared_critic_fold_3,interv/random_group_level_True_use_prior_False/curve_table
GCCEM,0.5,3,random,17,0.859539342297963,4dqbl917,GCCEM_adam_lr5e-04_bs512_lam1_none_lam_c0.5_shared_critic_fold_3,interv/random_group_level_True_use_prior_False/curve_table
GCCEM,0.5,4,random,0,0.8333111436559713,br0hgvs7,GCCEM_adam_lr5e-04_bs512_lam1_none_lam_c0.5_shared_critic_fold_4,interv/random_group_level_True_use_prior_False/curve_table
GCCEM,0.5,4,random,1,0.8341099720410066,br0hgvs7,GCCEM_adam_lr5e-04_bs512_lam1_none_lam_c0.5_shared_critic_fold_4,interv/random_group_level_True_use_prior_False/curve_table
GCCEM,0.5,4,random,2,0.8349088004260418,br0hgvs7,GCCEM_adam_lr5e-04_bs512_lam1_none_lam_c0.5_shared_critic_fold_4,interv/random_group_level_True_use_prior_False/curve_table
GCCEM,0.5,4,random,3,0.8357076288110771,br0hgvs7,GCCEM_adam_lr5e-04_bs512_lam1_none_lam_c0.5_shared_critic_fold_4,interv/random_group_level_True_use_prior_False/curve_table
GCCEM,0.5,4,random,4,0.8365064571961124,br0hgvs7,GCCEM_adam_lr5e-04_bs512_lam1_none_lam_c0.5_shared_critic_fold_4,interv/random_group_level_True_use_prior_False/curve_table
GCCEM,0.5,4,random,5,0.83690587138863,br0hgvs7,GCCEM_adam_lr5e-04_bs512_lam1_none_lam_c0.5_shared_critic_fold_4,interv/random_group_level_True_use_prior_False/curve_table
GCCEM,0.5,4,random,6,0.8375715617094928,br0hgvs7,GCCEM_adam_lr5e-04_bs512_lam1_none_lam_c0.5_shared_critic_fold_4,interv/random_group_level_True_use_prior_False/curve_table
GCCEM,0.5,4,random,7,0.8378378378378378,br0hgvs7,GCCEM_adam_lr5e-04_bs512_lam1_none_lam_c0.5_shared_critic_fold_4,interv/random_group_level_True_use_prior_False/curve_table
GCCEM,0.5,4,random,8,0.8395686326720809,br0hgvs7,GCCEM_adam_lr5e-04_bs512_lam1_none_lam_c0.5_shared_critic_fold_4,interv/random_group_level_True_use_prior_False/curve_table
GCCEM,0.5,4,random,9,0.8406337371854613,br0hgvs7,GCCEM_adam_lr5e-04_bs512_lam1_none_lam_c0.5_shared_critic_fold_4,interv/random_group_level_True_use_prior_False/curve_table
GCCEM,0.5,4,random,10,0.8415657036346692,br0hgvs7,GCCEM_adam_lr5e-04_bs512_lam1_none_lam_c0.5_shared_critic_fold_4,interv/random_group_level_True_use_prior_False/curve_table
GCCEM,0.5,4,random,11,0.8427639462122221,br0hgvs7,GCCEM_adam_lr5e-04_bs512_lam1_none_lam_c0.5_shared_critic_fold_4,interv/random_group_level_True_use_prior_False/curve_table
GCCEM,0.5,4,random,12,0.8444947410464652,br0hgvs7,GCCEM_adam_lr5e-04_bs512_lam1_none_lam_c0.5_shared_critic_fold_4,interv/random_group_level_True_use_prior_False/curve_table
GCCEM,0.5,4,random,13,0.8470243642657436,br0hgvs7,GCCEM_adam_lr5e-04_bs512_lam1_none_lam_c0.5_shared_critic_fold_4,interv/random_group_level_True_use_prior_False/curve_table
GCCEM,0.5,4,random,14,0.8492877113566769,br0hgvs7,GCCEM_adam_lr5e-04_bs512_lam1_none_lam_c0.5_shared_critic_fold_4,interv/random_group_level_True_use_prior_False/curve_table
GCCEM,0.5,4,random,15,0.8502196778058847,br0hgvs7,GCCEM_adam_lr5e-04_bs512_lam1_none_lam_c0.5_shared_critic_fold_4,interv/random_group_level_True_use_prior_False/curve_table
GCCEM,0.5,4,random,16,0.8519504726401278,br0hgvs7,GCCEM_adam_lr5e-04_bs512_lam1_none_lam_c0.5_shared_critic_fold_4,interv/random_group_level_True_use_prior_False/curve_table
GCCEM,0.5,4,random,17,0.8528824390893356,br0hgvs7,GCCEM_adam_lr5e-04_bs512_lam1_none_lam_c0.5_shared_critic_fold_4,interv/random_group_level_True_use_prior_False/curve_table
GCCEM,0.5,5,random,0,0.8402343229929436,lspkzaz9,GCCEM_adam_lr5e-04_bs512_lam1_none_lam_c0.5_shared_critic_fold_5,interv/random_group_level_True_use_prior_False/curve_table
GCCEM,0.5,5,random,1,0.8415657036346692,lspkzaz9,GCCEM_adam_lr5e-04_bs512_lam1_none_lam_c0.5_shared_critic_fold_5,interv/random_group_level_True_use_prior_False/curve_table
GCCEM,0.5,5,random,2,0.8415657036346692,lspkzaz9,GCCEM_adam_lr5e-04_bs512_lam1_none_lam_c0.5_shared_critic_fold_5,interv/random_group_level_True_use_prior_False/curve_table
GCCEM,0.5,5,random,3,0.8430302223405671,lspkzaz9,GCCEM_adam_lr5e-04_bs512_lam1_none_lam_c0.5_shared_critic_fold_5,interv/random_group_level_True_use_prior_False/curve_table
GCCEM,0.5,5,random,4,0.843962188789775,lspkzaz9,GCCEM_adam_lr5e-04_bs512_lam1_none_lam_c0.5_shared_critic_fold_5,interv/random_group_level_True_use_prior_False/curve_table
GCCEM,0.5,5,random,5,0.8460923978165358,lspkzaz9,GCCEM_adam_lr5e-04_bs512_lam1_none_lam_c0.5_shared_critic_fold_5,interv/random_group_level_True_use_prior_False/curve_table
GCCEM,0.5,5,random,6,0.848355744907469,lspkzaz9,GCCEM_adam_lr5e-04_bs512_lam1_none_lam_c0.5_shared_critic_fold_5,interv/random_group_level_True_use_prior_False/curve_table
GCCEM,0.5,5,random,7,0.8488882971641593,lspkzaz9,GCCEM_adam_lr5e-04_bs512_lam1_none_lam_c0.5_shared_critic_fold_5,interv/random_group_level_True_use_prior_False/curve_table
GCCEM,0.5,5,random,8,0.8503528158700573,lspkzaz9,GCCEM_adam_lr5e-04_bs512_lam1_none_lam_c0.5_shared_critic_fold_5,interv/random_group_level_True_use_prior_False/curve_table
GCCEM,0.5,5,random,9,0.8515510584476101,lspkzaz9,GCCEM_adam_lr5e-04_bs512_lam1_none_lam_c0.5_shared_critic_fold_5,interv/random_group_level_True_use_prior_False/curve_table
GCCEM,0.5,5,random,10,0.8540806816668886,lspkzaz9,GCCEM_adam_lr5e-04_bs512_lam1_none_lam_c0.5_shared_critic_fold_5,interv/random_group_level_True_use_prior_False/curve_table
GCCEM,0.5,5,random,11,0.8558114765011317,lspkzaz9,GCCEM_adam_lr5e-04_bs512_lam1_none_lam_c0.5_shared_critic_fold_5,interv/random_group_level_True_use_prior_False/curve_table
GCCEM,0.5,5,random,12,0.8574091332712023,lspkzaz9,GCCEM_adam_lr5e-04_bs512_lam1_none_lam_c0.5_shared_critic_fold_5,interv/random_group_level_True_use_prior_False/curve_table
GCCEM,0.5,5,random,13,0.8582079616562375,lspkzaz9,GCCEM_adam_lr5e-04_bs512_lam1_none_lam_c0.5_shared_critic_fold_5,interv/random_group_level_True_use_prior_False/curve_table
GCCEM,0.5,5,random,14,0.8590067900412728,lspkzaz9,GCCEM_adam_lr5e-04_bs512_lam1_none_lam_c0.5_shared_critic_fold_5,interv/random_group_level_True_use_prior_False/curve_table
GCCEM,0.5,5,random,15,0.8607375848755159,lspkzaz9,GCCEM_adam_lr5e-04_bs512_lam1_none_lam_c0.5_shared_critic_fold_5,interv/random_group_level_True_use_prior_False/curve_table
GCCEM,0.5,5,random,16,0.862468379709759,lspkzaz9,GCCEM_adam_lr5e-04_bs512_lam1_none_lam_c0.5_shared_critic_fold_5,interv/random_group_level_True_use_prior_False/curve_table
GCCEM,0.5,5,random,17,0.86513114099321,lspkzaz9,GCCEM_adam_lr5e-04_bs512_lam1_none_lam_c0.5_shared_critic_fold_5,interv/random_group_level_True_use_prior_False/curve_table
GCCEM,1.0,1,random,0,0.8479563307149514,8rh0lccu,GCCEM_adam_lr5e-04_bs512_lam1_none_lam_c1.0_shared_critic_fold_1,interv/random_group_level_True_use_prior_False/curve_table
GCCEM,1.0,1,random,1,0.8490214352283317,8rh0lccu,GCCEM_adam_lr5e-04_bs512_lam1_none_lam_c1.0_shared_critic_fold_1,interv/random_group_level_True_use_prior_False/curve_table
GCCEM,1.0,1,random,2,0.8500865397417121,8rh0lccu,GCCEM_adam_lr5e-04_bs512_lam1_none_lam_c1.0_shared_critic_fold_1,interv/random_group_level_True_use_prior_False/curve_table
GCCEM,1.0,1,random,3,0.8507522300625749,8rh0lccu,GCCEM_adam_lr5e-04_bs512_lam1_none_lam_c1.0_shared_critic_fold_1,interv/random_group_level_True_use_prior_False/curve_table
GCCEM,1.0,1,random,4,0.8519504726401278,8rh0lccu,GCCEM_adam_lr5e-04_bs512_lam1_none_lam_c1.0_shared_critic_fold_1,interv/random_group_level_True_use_prior_False/curve_table
GCCEM,1.0,1,random,5,0.8531487152176808,8rh0lccu,GCCEM_adam_lr5e-04_bs512_lam1_none_lam_c1.0_shared_critic_fold_1,interv/random_group_level_True_use_prior_False/curve_table
GCCEM,1.0,1,random,6,0.8532818532818532,8rh0lccu,GCCEM_adam_lr5e-04_bs512_lam1_none_lam_c1.0_shared_critic_fold_1,interv/random_group_level_True_use_prior_False/curve_table
GCCEM,1.0,1,random,7,0.8544800958594062,8rh0lccu,GCCEM_adam_lr5e-04_bs512_lam1_none_lam_c1.0_shared_critic_fold_1,interv/random_group_level_True_use_prior_False/curve_table
GCCEM,1.0,1,random,8,0.8555452003727866,8rh0lccu,GCCEM_adam_lr5e-04_bs512_lam1_none_lam_c1.0_shared_critic_fold_1,interv/random_group_level_True_use_prior_False/curve_table
GCCEM,1.0,1,random,9,0.8570097190786846,8rh0lccu,GCCEM_adam_lr5e-04_bs512_lam1_none_lam_c1.0_shared_critic_fold_1,interv/random_group_level_True_use_prior_False/curve_table
GCCEM,1.0,1,random,10,0.8590067900412728,8rh0lccu,GCCEM_adam_lr5e-04_bs512_lam1_none_lam_c1.0_shared_critic_fold_1,interv/random_group_level_True_use_prior_False/curve_table
GCCEM,1.0,1,random,11,0.8588736519771003,8rh0lccu,GCCEM_adam_lr5e-04_bs512_lam1_none_lam_c1.0_shared_critic_fold_1,interv/random_group_level_True_use_prior_False/curve_table
GCCEM,1.0,1,random,12,0.8608707229396885,8rh0lccu,GCCEM_adam_lr5e-04_bs512_lam1_none_lam_c1.0_shared_critic_fold_1,interv/random_group_level_True_use_prior_False/curve_table
GCCEM,1.0,1,random,13,0.862468379709759,8rh0lccu,GCCEM_adam_lr5e-04_bs512_lam1_none_lam_c1.0_shared_critic_fold_1,interv/random_group_level_True_use_prior_False/curve_table
GCCEM,1.0,1,random,14,0.8637997603514845,8rh0lccu,GCCEM_adam_lr5e-04_bs512_lam1_none_lam_c1.0_shared_critic_fold_1,interv/random_group_level_True_use_prior_False/curve_table
GCCEM,1.0,1,random,15,0.865397417121555,8rh0lccu,GCCEM_adam_lr5e-04_bs512_lam1_none_lam_c1.0_shared_critic_fold_1,interv/random_group_level_True_use_prior_False/curve_table
GCCEM,1.0,1,random,16,0.866595659699108,8rh0lccu,GCCEM_adam_lr5e-04_bs512_lam1_none_lam_c1.0_shared_critic_fold_1,interv/random_group_level_True_use_prior_False/curve_table
GCCEM,1.0,1,random,17,0.8664625216349354,8rh0lccu,GCCEM_adam_lr5e-04_bs512_lam1_none_lam_c1.0_shared_critic_fold_1,interv/random_group_level_True_use_prior_False/curve_table
GCCEM,1.0,2,random,0,0.8351750765543869,qp2gtokh,GCCEM_adam_lr5e-04_bs512_lam1_none_lam_c1.0_shared_critic_fold_2,interv/random_group_level_True_use_prior_False/curve_table
GCCEM,1.0,2,random,1,0.8355744907469045,qp2gtokh,GCCEM_adam_lr5e-04_bs512_lam1_none_lam_c1.0_shared_critic_fold_2,interv/random_group_level_True_use_prior_False/curve_table
GCCEM,1.0,2,random,2,0.8351750765543869,qp2gtokh,GCCEM_adam_lr5e-04_bs512_lam1_none_lam_c1.0_shared_critic_fold_2,interv/random_group_level_True_use_prior_False/curve_table
GCCEM,1.0,2,random,3,0.8362401810677673,qp2gtokh,GCCEM_adam_lr5e-04_bs512_lam1_none_lam_c1.0_shared_critic_fold_2,interv/random_group_level_True_use_prior_False/curve_table
GCCEM,1.0,2,random,4,0.8371721475169751,qp2gtokh,GCCEM_adam_lr5e-04_bs512_lam1_none_lam_c1.0_shared_critic_fold_2,interv/random_group_level_True_use_prior_False/curve_table
GCCEM,1.0,2,random,5,0.8378378378378378,qp2gtokh,GCCEM_adam_lr5e-04_bs512_lam1_none_lam_c1.0_shared_critic_fold_2,interv/random_group_level_True_use_prior_False/curve_table
GCCEM,1.0,2,random,6,0.8383703900945281,qp2gtokh,GCCEM_adam_lr5e-04_bs512_lam1_none_lam_c1.0_shared_critic_fold_2,interv/random_group_level_True_use_prior_False/curve_table
GCCEM,1.0,2,random,7,0.8385035281587006,qp2gtokh,GCCEM_adam_lr5e-04_bs512_lam1_none_lam_c1.0_shared_critic_fold_2,interv/random_group_level_True_use_prior_False/curve_table
GCCEM,1.0,2,random,8,0.8386366662228731,qp2gtokh,GCCEM_adam_lr5e-04_bs512_lam1_none_lam_c1.0_shared_critic_fold_2,interv/random_group_level_True_use_prior_False/curve_table
GCCEM,1.0,2,random,9,0.8387698042870456,qp2gtokh,GCCEM_adam_lr5e-04_bs512_lam1_none_lam_c1.0_shared_critic_fold_2,interv/random_group_level_True_use_prior_False/curve_table
GCCEM,1.0,2,random,10,0.8394354946079085,qp2gtokh,GCCEM_adam_lr5e-04_bs512_lam1_none_lam_c1.0_shared_critic_fold_2,interv/random_group_level_True_use_prior_False/curve_table
GCCEM,1.0,2,random,11,0.8399680468645986,qp2gtokh,GCCEM_adam_lr5e-04_bs512_lam1_none_lam_c1.0_shared_critic_fold_2,interv/random_group_level_True_use_prior_False/curve_table
GCCEM,1.0,2,random,12,0.8401011849287712,qp2gtokh,GCCEM_adam_lr5e-04_bs512_lam1_none_lam_c1.0_shared_critic_fold_2,interv/random_group_level_True_use_prior_False/curve_table
GCCEM,1.0,2,random,13,0.8403674610571162,qp2gtokh,GCCEM_adam_lr5e-04_bs512_lam1_none_lam_c1.0_shared_critic_fold_2,interv/random_group_level_True_use_prior_False/curve_table
GCCEM,1.0,2,random,14,0.8399680468645986,qp2gtokh,GCCEM_adam_lr5e-04_bs512_lam1_none_lam_c1.0_shared_critic_fold_2,interv/random_group_level_True_use_prior_False/curve_table
GCCEM,1.0,2,random,15,0.8409000133138064,qp2gtokh,GCCEM_adam_lr5e-04_bs512_lam1_none_lam_c1.0_shared_critic_fold_2,interv/random_group_level_True_use_prior_False/curve_table
GCCEM,1.0,2,random,16,0.8428970842763946,qp2gtokh,GCCEM_adam_lr5e-04_bs512_lam1_none_lam_c1.0_shared_critic_fold_2,interv/random_group_level_True_use_prior_False/curve_table
GCCEM,1.0,2,random,17,0.8438290507256024,qp2gtokh,GCCEM_adam_lr5e-04_bs512_lam1_none_lam_c1.0_shared_critic_fold_2,interv/random_group_level_True_use_prior_False/curve_table
GCCEM,1.0,3,random,0,0.8295832778591399,hje24eyn,GCCEM_adam_lr5e-04_bs512_lam1_none_lam_c1.0_shared_critic_fold_3,interv/random_group_level_True_use_prior_False/curve_table
GCCEM,1.0,3,random,1,0.8294501397949674,hje24eyn,GCCEM_adam_lr5e-04_bs512_lam1_none_lam_c1.0_shared_critic_fold_3,interv/random_group_level_True_use_prior_False/curve_table
GCCEM,1.0,3,random,2,0.8302489681800027,hje24eyn,GCCEM_adam_lr5e-04_bs512_lam1_none_lam_c1.0_shared_critic_fold_3,interv/random_group_level_True_use_prior_False/curve_table
GCCEM,1.0,3,random,3,0.8309146585008654,hje24eyn,GCCEM_adam_lr5e-04_bs512_lam1_none_lam_c1.0_shared_critic_fold_3,interv/random_group_level_True_use_prior_False/curve_table
GCCEM,1.0,3,random,4,0.8317134868859006,hje24eyn,GCCEM_adam_lr5e-04_bs512_lam1_none_lam_c1.0_shared_critic_fold_3,interv/random_group_level_True_use_prior_False/curve_table
GCCEM,1.0,3,random,5,0.8321129010784183,hje24eyn,GCCEM_adam_lr5e-04_bs512_lam1_none_lam_c1.0_shared_critic_fold_3,interv/random_group_level_True_use_prior_False/curve_table
GCCEM,1.0,3,random,6,0.8331780055917987,hje24eyn,GCCEM_adam_lr5e-04_bs512_lam1_none_lam_c1.0_shared_critic_fold_3,interv/random_group_level_True_use_prior_False/curve_table
GCCEM,1.0,3,random,7,0.8331780055917987,hje24eyn,GCCEM_adam_lr5e-04_bs512_lam1_none_lam_c1.0_shared_critic_fold_3,interv/random_group_level_True_use_prior_False/curve_table
GCCEM,1.0,3,random,8,0.834243110105179,hje24eyn,GCCEM_adam_lr5e-04_bs512_lam1_none_lam_c1.0_shared_critic_fold_3,interv/random_group_level_True_use_prior_False/curve_table
GCCEM,1.0,3,random,9,0.8347756623618693,hje24eyn,GCCEM_adam_lr5e-04_bs512_lam1_none_lam_c1.0_shared_critic_fold_3,interv/random_group_level_True_use_prior_False/curve_table
GCCEM,1.0,3,random,10,0.8349088004260418,hje24eyn,GCCEM_adam_lr5e-04_bs512_lam1_none_lam_c1.0_shared_critic_fold_3,interv/random_group_level_True_use_prior_False/curve_table
GCCEM,1.0,3,random,11,0.835441352682732,hje24eyn,GCCEM_adam_lr5e-04_bs512_lam1_none_lam_c1.0_shared_critic_fold_3,interv/random_group_level_True_use_prior_False/curve_table
GCCEM,1.0,3,random,12,0.8361070430035947,hje24eyn,GCCEM_adam_lr5e-04_bs512_lam1_none_lam_c1.0_shared_critic_fold_3,interv/random_group_level_True_use_prior_False/curve_table
GCCEM,1.0,3,random,13,0.8373052855811477,hje24eyn,GCCEM_adam_lr5e-04_bs512_lam1_none_lam_c1.0_shared_critic_fold_3,interv/random_group_level_True_use_prior_False/curve_table
GCCEM,1.0,3,random,14,0.8383703900945281,hje24eyn,GCCEM_adam_lr5e-04_bs512_lam1_none_lam_c1.0_shared_critic_fold_3,interv/random_group_level_True_use_prior_False/curve_table
GCCEM,1.0,3,random,15,0.8389029423512182,hje24eyn,GCCEM_adam_lr5e-04_bs512_lam1_none_lam_c1.0_shared_critic_fold_3,interv/random_group_level_True_use_prior_False/curve_table
GCCEM,1.0,3,random,16,0.8386366662228731,hje24eyn,GCCEM_adam_lr5e-04_bs512_lam1_none_lam_c1.0_shared_critic_fold_3,interv/random_group_level_True_use_prior_False/curve_table
GCCEM,1.0,3,random,17,0.8393023565437359,hje24eyn,GCCEM_adam_lr5e-04_bs512_lam1_none_lam_c1.0_shared_critic_fold_3,interv/random_group_level_True_use_prior_False/curve_table
GCCEM,1.0,4,random,0,0.8313140726933831,psn46me4,GCCEM_adam_lr5e-04_bs512_lam1_none_lam_c1.0_shared_critic_fold_4,interv/random_group_level_True_use_prior_False/curve_table
GCCEM,1.0,4,random,1,0.8307815204366928,psn46me4,GCCEM_adam_lr5e-04_bs512_lam1_none_lam_c1.0_shared_critic_fold_4,interv/random_group_level_True_use_prior_False/curve_table
GCCEM,1.0,4,random,2,0.8311809346292105,psn46me4,GCCEM_adam_lr5e-04_bs512_lam1_none_lam_c1.0_shared_critic_fold_4,interv/random_group_level_True_use_prior_False/curve_table
GCCEM,1.0,4,random,3,0.8309146585008654,psn46me4,GCCEM_adam_lr5e-04_bs512_lam1_none_lam_c1.0_shared_critic_fold_4,interv/random_group_level_True_use_prior_False/curve_table
GCCEM,1.0,4,random,4,0.8318466249500732,psn46me4,GCCEM_adam_lr5e-04_bs512_lam1_none_lam_c1.0_shared_critic_fold_4,interv/random_group_level_True_use_prior_False/curve_table
GCCEM,1.0,4,random,5,0.8322460391425909,psn46me4,GCCEM_adam_lr5e-04_bs512_lam1_none_lam_c1.0_shared_critic_fold_4,interv/random_group_level_True_use_prior_False/curve_table
GCCEM,1.0,4,random,6,0.832778591399281,psn46me4,GCCEM_adam_lr5e-04_bs512_lam1_none_lam_c1.0_shared_critic_fold_4,interv/random_group_level_True_use_prior_False/curve_table
GCCEM,1.0,4,random,7,0.8329117294634536,psn46me4,GCCEM_adam_lr5e-04_bs512_lam1_none_lam_c1.0_shared_critic_fold_4,interv/random_group_level_True_use_prior_False/curve_table
GCCEM,1.0,4,random,8,0.8333111436559713,psn46me4,GCCEM_adam_lr5e-04_bs512_lam1_none_lam_c1.0_shared_critic_fold_4,interv/random_group_level_True_use_prior_False/curve_table
GCCEM,1.0,4,random,9,0.8334442817201438,psn46me4,GCCEM_adam_lr5e-04_bs512_lam1_none_lam_c1.0_shared_critic_fold_4,interv/random_group_level_True_use_prior_False/curve_table
GCCEM,1.0,4,random,10,0.8337105578484889,psn46me4,GCCEM_adam_lr5e-04_bs512_lam1_none_lam_c1.0_shared_critic_fold_4,interv/random_group_level_True_use_prior_False/curve_table
GCCEM,1.0,4,random,11,0.8341099720410066,psn46me4,GCCEM_adam_lr5e-04_bs512_lam1_none_lam_c1.0_shared_critic_fold_4,interv/random_group_level_True_use_prior_False/curve_table
GCCEM,1.0,4,random,12,0.8351750765543869,psn46me4,GCCEM_adam_lr5e-04_bs512_lam1_none_lam_c1.0_shared_critic_fold_4,interv/random_group_level_True_use_prior_False/curve_table
GCCEM,1.0,4,random,13,0.8350419384902144,psn46me4,GCCEM_adam_lr5e-04_bs512_lam1_none_lam_c1.0_shared_critic_fold_4,interv/random_group_level_True_use_prior_False/curve_table
GCCEM,1.0,4,random,14,0.8347756623618693,psn46me4,GCCEM_adam_lr5e-04_bs512_lam1_none_lam_c1.0_shared_critic_fold_4,interv/random_group_level_True_use_prior_False/curve_table
GCCEM,1.0,4,random,15,0.8362401810677673,psn46me4,GCCEM_adam_lr5e-04_bs512_lam1_none_lam_c1.0_shared_critic_fold_4,interv/random_group_level_True_use_prior_False/curve_table
GCCEM,1.0,4,random,16,0.8379709759020104,psn46me4,GCCEM_adam_lr5e-04_bs512_lam1_none_lam_c1.0_shared_critic_fold_4,interv/random_group_level_True_use_prior_False/curve_table
GCCEM,1.0,4,random,17,0.8381041139661829,psn46me4,GCCEM_adam_lr5e-04_bs512_lam1_none_lam_c1.0_shared_critic_fold_4,interv/random_group_level_True_use_prior_False/curve_table
GCCEM,1.0,5,random,0,0.8475569165224338,y66t8xvl,GCCEM_adam_lr5e-04_bs512_lam1_none_lam_c1.0_shared_critic_fold_5,interv/random_group_level_True_use_prior_False/curve_table
GCCEM,1.0,5,random,1,0.8492877113566769,y66t8xvl,GCCEM_adam_lr5e-04_bs512_lam1_none_lam_c1.0_shared_critic_fold_5,interv/random_group_level_True_use_prior_False/curve_table
GCCEM,1.0,5,random,2,0.8506190919984024,y66t8xvl,GCCEM_adam_lr5e-04_bs512_lam1_none_lam_c1.0_shared_critic_fold_5,interv/random_group_level_True_use_prior_False/curve_table
GCCEM,1.0,5,random,3,0.8514179203834377,y66t8xvl,GCCEM_adam_lr5e-04_bs512_lam1_none_lam_c1.0_shared_critic_fold_5,interv/random_group_level_True_use_prior_False/curve_table
GCCEM,1.0,5,random,4,0.8531487152176808,y66t8xvl,GCCEM_adam_lr5e-04_bs512_lam1_none_lam_c1.0_shared_critic_fold_5,interv/random_group_level_True_use_prior_False/curve_table
GCCEM,1.0,5,random,5,0.8538144055385435,y66t8xvl,GCCEM_adam_lr5e-04_bs512_lam1_none_lam_c1.0_shared_critic_fold_5,interv/random_group_level_True_use_prior_False/curve_table
GCCEM,1.0,5,random,6,0.8540806816668886,y66t8xvl,GCCEM_adam_lr5e-04_bs512_lam1_none_lam_c1.0_shared_critic_fold_5,interv/random_group_level_True_use_prior_False/curve_table
GCCEM,1.0,5,random,7,0.8559446145653042,y66t8xvl,GCCEM_adam_lr5e-04_bs512_lam1_none_lam_c1.0_shared_critic_fold_5,interv/random_group_level_True_use_prior_False/curve_table
GCCEM,1.0,5,random,8,0.856876581014512,y66t8xvl,GCCEM_adam_lr5e-04_bs512_lam1_none_lam_c1.0_shared_critic_fold_5,interv/random_group_level_True_use_prior_False/curve_table
GCCEM,1.0,5,random,9,0.8579416855278924,y66t8xvl,GCCEM_adam_lr5e-04_bs512_lam1_none_lam_c1.0_shared_critic_fold_5,interv/random_group_level_True_use_prior_False/curve_table
GCCEM,1.0,5,random,10,0.8592730661696178,y66t8xvl,GCCEM_adam_lr5e-04_bs512_lam1_none_lam_c1.0_shared_critic_fold_5,interv/random_group_level_True_use_prior_False/curve_table
GCCEM,1.0,5,random,11,0.8612701371322061,y66t8xvl,GCCEM_adam_lr5e-04_bs512_lam1_none_lam_c1.0_shared_critic_fold_5,interv/random_group_level_True_use_prior_False/curve_table
GCCEM,1.0,5,random,12,0.8632672080947943,y66t8xvl,GCCEM_adam_lr5e-04_bs512_lam1_none_lam_c1.0_shared_critic_fold_5,interv/random_group_level_True_use_prior_False/curve_table
GCCEM,1.0,5,random,13,0.863666622287312,y66t8xvl,GCCEM_adam_lr5e-04_bs512_lam1_none_lam_c1.0_shared_critic_fold_5,interv/random_group_level_True_use_prior_False/curve_table
GCCEM,1.0,5,random,14,0.8644654506723473,y66t8xvl,GCCEM_adam_lr5e-04_bs512_lam1_none_lam_c1.0_shared_critic_fold_5,interv/random_group_level_True_use_prior_False/curve_table
GCCEM,1.0,5,random,15,0.8663293835707628,y66t8xvl,GCCEM_adam_lr5e-04_bs512_lam1_none_lam_c1.0_shared_critic_fold_5,interv/random_group_level_True_use_prior_False/curve_table
GCCEM,1.0,5,random,16,0.8687258687258688,y66t8xvl,GCCEM_adam_lr5e-04_bs512_lam1_none_lam_c1.0_shared_critic_fold_5,interv/random_group_level_True_use_prior_False/curve_table
GCCEM,1.0,5,random,17,0.8703235254959393,y66t8xvl,GCCEM_adam_lr5e-04_bs512_lam1_none_lam_c1.0_shared_critic_fold_5,interv/random_group_level_True_use_prior_False/curve_table
